,link,title,year,country,genre,rating,director
0,https://www.ivi.ru//watch/po-lyubvi,По любви,2025,Россия,Комедии,7.7,Борис Милованов
1,https://www.ivi.ru//watch/domovenok-kuzya,Домовёнок Кузя,2024,Россия,Комедии,8.2,Виктор Лакисов
2,https://www.ivi.ru//watch/postuchis-v-moyu-tver,Постучись в мою Тверь,2025,Россия,Комедии,7.9,Симон Багдасарян
3,https://www.ivi.ru//watch/bratya-2024,Братья,2024,Россия,Комедии,6.7,Марк Горобец
4,https://www.ivi.ru//watch/157373,Сдается дом со всеми неудобствами,2016,Россия,Комедии,6.7,Вера Сторожева
5,https://www.ivi.ru//watch/papu-mame-zaverni,Папу маме заверни,2024,Россия,Комедии,7.3,Иван Архипов
6,https://www.ivi.ru//watch/181435,Одноклассницы: Новый поворот,2017,Россия,Комедии,7.2,Дмитрий Суворов
7,https://www.ivi.ru//watch/519572,Праздники,2023,Россия,Комедии,8.0,Борис Дергачев
8,https://www.ivi.ru//watch/540613,Схватка,2024,Россия,Боевики,7.6,Дмитрий Клепацкий
9,https://www.ivi.ru//watch/151070,Проверка на любовь,2013,Россия,Мелодрамы,7.2,Игорь Войтулевич
10,https://www.ivi.ru//watch/krasotka,Красотка,2013,Россия,Мелодрамы,7.4,Дмитрий Петрунь
11,https://www.ivi.ru//watch/zyat,Зять,2024,Россия,Комедии,7.4,Анарио Мамедов
12,https://www.ivi.ru//watch/227695,Спасите Колю!,2021,Россия,Комедии,7.3,Дмитрий Губарев
13,https://www.ivi.ru//watch/ispyitanie-aulom,Испытание аулом,2023,Россия,Комедии,8.6,Ислам Сатыров
14,https://www.ivi.ru//watch/436114,Булки,2022,Россия,Комедии,7.3,Олег Асадулин
15,https://www.ivi.ru//watch/415769,Тень звезды,2020,Россия,Драмы,6.9,Дмитрий Губарев
16,https://www.ivi.ru//watch/470954,Любовники,2022,Россия,Комедии,7.3,Елена Хазанова
17,https://www.ivi.ru//watch/436466,Трое,2020,Россия,Драмы,6.6,Анна Меликян
18,https://www.ivi.ru//watch/400954,Красавец и чудовище,2014,Россия,Мелодрамы,7.7,Иван Криворучко
19,https://www.ivi.ru//watch/459158,Приказ «Уничтожить»,2019,Россия,Военные,7.3,Константин Статский
20,https://www.ivi.ru//watch/414380,"Мама, я женюсь!",2014,Россия,Мелодрамы,6.7,Петр Степин
21,https://www.ivi.ru//watch/133299,Ледокол,2016,Россия,Катастрофы,8.0,Николай Хомерики
22,https://www.ivi.ru//watch/487282,Моя ужасная сестра,2022,Россия,Комедии,7.9,Александр Галибин
23,https://www.ivi.ru//watch/207342,Любовницы,2019,Россия,Комедии,7.2,Елена Хазанова
24,https://www.ivi.ru//watch/467529,Умная Маша,2022,Россия,Комедии,7.3,Андрей Никифоров
25,https://www.ivi.ru//watch/433499,Артек. Большое путешествие,2022,Россия,Комедии,8.5,Карен Захаров
26,https://www.ivi.ru//watch/melodiya-na-dva-golosa,Мелодия на два голоса,2015,Россия,Мелодрамы,7.4,Сергей Мезенцев
27,https://www.ivi.ru//watch/t-34-televersiya,Т-34. Полная версия,2020,Россия,Военные,8.7,Алексей Сидоров
28,https://www.ivi.ru//watch/214951,Бабушка легкого поведения 2,2019,Россия,Комедии,7.9,Марюс Вайсберг
29,https://www.ivi.ru//watch/431605,Прабабушка легкого поведения,2021,Россия,Комедии,7.0,Марюс Вайсберг
30,https://www.ivi.ru//watch/508527,Я хочу! Я буду!,2023,Россия,Комедии,7.5,Павел Воронин
31,https://www.ivi.ru//watch/523161,Моя ужасная сестра 2,2023,Россия,Комедии,7.9,Александр Галибин
32,https://www.ivi.ru//watch/138664,Вечная сказка,2013,Россия,Мелодрамы,7.5,Станислав Либин
33,https://www.ivi.ru//watch/126975,Дорога на Берлин,2015,Россия,Военные,7.4,Сергей Попов
34,https://www.ivi.ru//watch/475772,Друг на продажу,2021,Россия,Комедии,7.6,Александр Данилов
35,https://www.ivi.ru//watch/operatsiya-holodno,Операция «Холодно»,2024,Россия,Комедии,4.7,Данил Иванов
36,https://www.ivi.ru//watch/odna-doma-velikolepnaya-pyaterka,Одна дома: Великолепная пятерка,2024,Россия,Комедии,8.1,Руслан Паушу
37,https://www.ivi.ru//watch/191279,Злая шутка,2016,Россия,Мелодрамы,7.1,Сергей Швыдкой
38,https://www.ivi.ru//watch/146639,Землетрясение,2016,Россия,Катастрофы,8.5,Сарик Андреасян
39,https://www.ivi.ru//watch/475179,Маруся фореva!,2020,Россия,Комедии,8.3,Александр Галибин
40,https://www.ivi.ru//watch/lyubov-zla,Любовь зла,2024,Россия,Комедии,7.8,Денис Гуляр
41,https://www.ivi.ru//watch/214284,Семь ужинов,2019,Россия,Комедии,7.5,Кирилл Плетнёв
42,https://www.ivi.ru//watch/279187,Дорогой папа,2019,Россия,Комедии,7.5,Михаил Расходников
43,https://www.ivi.ru//watch/poka-zhivu-lyublyu,"Пока живу, люблю",2013,Россия,Мелодрамы,7.5,Эдуард Пальмов
44,https://www.ivi.ru//watch/99866,Белое платье,2010,Россия,Мелодрамы,6.8,Андрей Селиванов
45,https://www.ivi.ru//watch/170872,Т-34,2019,Россия,Военные,8.5,Алексей Сидоров
46,https://www.ivi.ru//watch/522275,Пять процентов,2023,Россия,Комедии,6.0,Дмитрий Светозаров
47,https://www.ivi.ru//watch/471552,Семейный бюджет,2021,Россия,Комедии,7.3,Евгений Абызов
48,https://www.ivi.ru//watch/99868,Карусель,2010,Россия,Мелодрамы,8.1,Сергей Мезенцев
49,https://www.ivi.ru//watch/vstretimsya-vchera,Встретимся вчера,2024,Россия,Комедии,7.2,Александр Богуславский
50,https://www.ivi.ru//watch/520285,Случайные знакомые,2012,Россия,Мелодрамы,7.5,Вера Глаголева
51,https://www.ivi.ru//watch/462881,Проклятый чиновник,2021,Россия,Комедии,7.5,Сарик Андреасян
52,https://www.ivi.ru//watch/v-banyu,В баню!,2024,Россия,Комедии,7.2,Данил Иванов
53,https://www.ivi.ru//watch/138658,Время собирать,2014,Россия,Мелодрамы,7.3,Владимир Устюгов
54,https://www.ivi.ru//watch/odna-doma,Одна дома,2023,Россия,Комедии,8.1,Анарио Мамедов
55,https://www.ivi.ru//watch/513761,Новогодний шеф,2023,Россия,Комедии,8.3,Василий Ровенский
56,https://www.ivi.ru//watch/409370,"Гудбай, Америка",2020,Россия,Драмы,8.1,Сарик Андреасян
57,https://www.ivi.ru//watch/passazhiryi-2024,Пассажиры,2024,Россия,Боевики,7.1,Камиль Алиев
58,https://www.ivi.ru//watch/191429,За чужие грехи,2015,Россия,Мелодрамы,6.6,Сергей Борчуков
59,https://www.ivi.ru//watch/97808,О чем молчат девушки,2013,Россия,Комедии,6.9,Карен Оганесян
60,https://www.ivi.ru//watch/133408,Маша,2012,Россия,Мелодрамы,7.0,Алексей Праздников
61,https://www.ivi.ru//watch/191502,Однажды и навсегда,2013,Россия,Мелодрамы,6.6,Артем Насыбулин
62,https://www.ivi.ru//watch/145339,В плену обмана,2014,Россия,Мелодрамы,7.3,Сергей Краснов
63,https://www.ivi.ru//watch/493707,Легенды Орлёнка,2022,Россия,Фэнтези,8.2,Ольга Беляева
64,https://www.ivi.ru//watch/185849,Непрощенный,2018,Россия,Драмы,8.7,Сарик Андреасян
65,https://www.ivi.ru//watch/173997,Я худею,2018,Россия,Комедии,7.9,Алексей Нужный
66,https://www.ivi.ru//watch/187137,Невезучая,2017,Россия,Мелодрамы,6.9,Дмитрий Сорокин
67,https://www.ivi.ru//watch/191504,Осколки хрустальной туфельки,2015,Россия,Мелодрамы,5.9,Станислав Митин
68,https://www.ivi.ru//watch/bitva-pap,Битва пап,2024,Россия,Комедии,6.7,Иван Архипов
69,https://www.ivi.ru//watch/472990,Идеальная жена,2021,Россия,Комедии,4.7,Андрей Грачев
70,https://www.ivi.ru//watch/521801,На Рубле без рубля,2023,Россия,Комедии,7.2,Айсурат Шаманова
71,https://www.ivi.ru//watch/172245,Бабушка легкого поведения,2017,Россия,Комедии,7.5,Марюс Вайсберг
72,https://www.ivi.ru//watch/490737,Мой папа – вождь,2022,Россия,Комедии,7.3,Егор Кончаловский
73,https://www.ivi.ru//watch/193567,БУМЕРАНГ,2021,Россия,Комедии,7.5,Петр Буслов
74,https://www.ivi.ru//watch/titanik,Титаник,2012,Россия,Документальные,8.5,Анастасия Попова
75,https://www.ivi.ru//watch/vdovets,Вдовец,2014,Россия,Мелодрамы,7.0,Борис Рабей
76,https://www.ivi.ru//watch/107536,Белый тигр,2012,Россия,Военные,7.2,Карен Шахназаров
77,https://www.ivi.ru//watch/159998,Жена Штирлица,2012,Россия,Мелодрамы,7.5,Вадим Соколовский
78,https://www.ivi.ru//watch/46714,Свадьба по обмену,2011,Россия,Комедии,7.1,Дмитрий Грачев
79,https://www.ivi.ru//watch/221264,Понаехали,2019,Россия,Комедии,5.8,Султан Хажироко
80,https://www.ivi.ru//watch/192054,Не говорите мне о нём,2016,Россия,Мелодрамы,7.0,Станислав Назиров
81,https://www.ivi.ru//watch/498058,Волшебники,2022,Россия,Фэнтези,7.1,Ренат Давлетьяров
82,https://www.ivi.ru//watch/550635,Моё собачье дело,2024,Россия,Комедии,8.4,Александр Бабаев
83,https://www.ivi.ru//watch/314325,Робо,2019,Россия,Фантастика,8.1,Сарик Андреасян
84,https://www.ivi.ru//watch/127020,А зори здесь тихие...,2015,Россия,Драмы,8.2,Ренат Давлетьяров
85,https://www.ivi.ru//watch/212440,Миллиард,2019,Россия,Комедии,6.5,Роман Прыгунов
86,https://www.ivi.ru//watch/112154,Марш-бросок,2003,Россия,Боевики,7.7,Николай Стамбула
87,https://www.ivi.ru//watch/155013,Помню – не помню!,2016,Россия,Комедии,6.8,Василий Ровенский
88,https://www.ivi.ru//watch/415758,Смертельные иллюзии,2020,Россия,Триллеры,7.8,Олег Асадулин
89,https://www.ivi.ru//watch/471474,Вне зоны доступа,2021,Россия,Мелодрамы,7.7,Анна Курбатова
90,https://www.ivi.ru//watch/derevenschina,Деревенщина,2014,Россия,Мелодрамы,7.7,Владимир Устюгов
91,https://www.ivi.ru//watch/esli-tyi-ne-so-mnoj,Если ты не со мной,2014,Россия,Мелодрамы,7.6,Игорь Мужжухин
92,https://www.ivi.ru//watch/172384,Семь пар нечистых,2018,Россия,Боевики,7.6,Кирилл Белевич
93,https://www.ivi.ru//watch/drugaya-semya,Другая семья,2014,Россия,Мелодрамы,7.1,Александр Кананович
94,https://www.ivi.ru//watch/191078,Блестящей жизни лепесток,2017,Россия,Мелодрамы,7.0,Алексей Мясников
95,https://www.ivi.ru//watch/85466,Одуванчик,2011,Россия,Мелодрамы,6.9,Галина Кувивчак-Сахно
96,https://www.ivi.ru//watch/511276,Разбой,2023,Россия,Боевики,6.7,Азамат Исмаилов
97,https://www.ivi.ru//watch/150697,"Поверь, все будет хорошо...",2012,Россия,Мелодрамы,8.1,Максим Бриус
98,https://www.ivi.ru//watch/zaschitnaya-reaktsiya,Защитная реакция,2024,Россия,Детективы,6.6,Григорий Жихаревич
99,https://www.ivi.ru//watch/starshaya-zhena,Старшая жена,2016,Россия,Мелодрамы,7.6,Артем Насыбулин
100,https://www.ivi.ru//watch/sestrichki,Сестрички,2021,Россия,Комедии,7.5,Валерия Ивановская
101,https://www.ivi.ru//watch/zagadka-bryusa-bedlama,Загадка Брюса Бедлама,2024,Россия,Детективы,7.4,Наталья Углицких
102,https://www.ivi.ru//watch/55140,Квартирантка,2008,Россия,Комедии,6.9,Анна Фенченко
103,https://www.ivi.ru//watch/99838,Как же быть сердцу,2008,Россия,Мелодрамы,6.8,Андрей Селиванов
104,https://www.ivi.ru//watch/191425,Во имя любви,2015,Россия,Мелодрамы,7.5,Андрей Селиванов
105,https://www.ivi.ru//watch/193742,Один вдох,2020,Россия,Спорт,8.4,Елена Хазанова
106,https://www.ivi.ru//watch/184430,Яна+Янко,2017,Россия,Комедии,8.1,Наталья Меркулова
107,https://www.ivi.ru//watch/192109,Не уходи,2012,Россия,Мелодрамы,7.2,Алексей Карелин
108,https://www.ivi.ru//watch/191340,Жизнь без Веры,2016,Россия,Мелодрамы,6.8,Александр Хван
109,https://www.ivi.ru//watch/492958,Календарь ма(й)я,2022,Россия,Приключения,8.1,Виктория Фанасютина
110,https://www.ivi.ru//watch/192111,Отец поневоле,2014,Россия,Мелодрамы,7.6,Фуад Шабанов
111,https://www.ivi.ru//watch/99847,Золотые небеса,2011,Россия,Мелодрамы,7.1,Юлия Краснова
112,https://www.ivi.ru//watch/424021,Новая жизнь,2020,Россия,Комедии,6.5,Мария Ефремова
113,https://www.ivi.ru//watch/133405,Москва – Лопушки,2014,Россия,Мелодрамы,7.2,Юрий Морозов
114,https://www.ivi.ru//watch/176658,Жги!,2017,Россия,Драмы,7.4,Кирилл Плетнёв
115,https://www.ivi.ru//watch/121548,Выпускной,2014,Россия,Комедии,7.1,Всеволод Бродский
116,https://www.ivi.ru//watch/112333,Вий,2014,Россия,Фэнтези,7.3,Олег Степченко
117,https://www.ivi.ru//watch/191278,Возраст любви,2016,Россия,Мелодрамы,6.7,Андрей Селиванов
118,https://www.ivi.ru//watch/170520,Временные трудности,2018,Россия,Драмы,8.5,Михаил Расходников
119,https://www.ivi.ru//watch/85485,Лера,2007,Россия,Мелодрамы,7.9,Татьяна Догилева
120,https://www.ivi.ru//watch/93005,Не в парнях счастье,2014,Россия,Мелодрамы,7.6,Кира Ангелина
121,https://www.ivi.ru//watch/98403,Метро,2012,Россия,Триллеры,8.2,Антон Мегердичев
122,https://www.ivi.ru//watch/170984,Про любовь. Только для взрослых,2017,Россия,Комедии,7.2,Нигина Сайфуллаева
123,https://www.ivi.ru//watch/224249,Ищу попутчика,2014,Россия,Мелодрамы,7.0,Денис Елеонский
124,https://www.ivi.ru//watch/191427,Семейное счастье,2013,Россия,Мелодрамы,7.2,Виктория Держицкая
125,https://www.ivi.ru//watch/otpechatok-lyubvi,Отпечаток любви,2013,Россия,Мелодрамы,7.2,Вадим Арапов
126,https://www.ivi.ru//watch/224250,Любовь из пробирки,2013,Россия,Мелодрамы,7.4,Илья Хотиненко
127,https://www.ivi.ru//watch/vera-2024,Вера,2024,Россия,Драмы,6.8,Ира Волкова
128,https://www.ivi.ru//watch/101639,Волкодав,2006,Россия,Боевики,7.2,Николай Лебедев
129,https://www.ivi.ru//watch/50668,Мужчина для жизни,2008,Россия,Комедии,7.1,Галина Кувивчак-Сахно
130,https://www.ivi.ru//watch/189148,Ночная смена,2018,Россия,Комедии,7.6,Марюс Вайсберг
131,https://www.ivi.ru//watch/144750,Монах и бес,2016,Россия,Комедии,7.7,Николай Досталь
132,https://www.ivi.ru//watch/149186,Дом для двоих,2009,Россия,Мелодрамы,6.5,Сергей Алешечкин
133,https://www.ivi.ru//watch/duel-korolev,Дуэль королев,2022,Россия,Детективы,6.8,Мария Маханько
134,https://www.ivi.ru//watch/138478,Заезжий молодец,2014,Россия,Мелодрамы,7.8,Кира Ангелина
135,https://www.ivi.ru//watch/103401,Марафон,2013,Россия,Комедии,7.0,Карен Оганесян
136,https://www.ivi.ru//watch/53033,Звезда,2002,Россия,Боевики,7.8,Николай Лебедев
137,https://www.ivi.ru//watch/133406,Золотая невеста,2014,Россия,Комедии,6.7,Роман Барабаш
138,https://www.ivi.ru//watch/kuda-uhodyat-dozhdi,Куда уходят дожди,2016,Россия,Мелодрамы,7.1,Алексей Карелин
139,https://www.ivi.ru//watch/vernost,Верность,2017,Россия,Мелодрамы,7.1,Кира Ангелина
140,https://www.ivi.ru//watch/85491,Другое лицо,2008,Россия,Мелодрамы,6.0,Игорь Штернберг
141,https://www.ivi.ru//watch/159997,Как же быть сердцу 2,2010,Россия,Мелодрамы,8.0,Андрей Селиванов
142,https://www.ivi.ru//watch/zagadka-sangaku,Загадка Сангаку,2024,Россия,Детективы,7.3,Алёна Райнер
143,https://www.ivi.ru//watch/459832,Решала: Брат,2022,Россия,Драмы,6.8,Александр Амиров
144,https://www.ivi.ru//watch/zhenih,Жених,2011,Россия,Мелодрамы,6.5,Станислав Мареев
145,https://www.ivi.ru//watch/414331,Решала. Нулевые,2019,Россия,Криминал,7.6,Жаргал Бадмацыренов
146,https://www.ivi.ru//watch/208079,Папы,2022,Россия,Комедии,8.3,Анна Матисон
147,https://www.ivi.ru//watch/85467,Мама напрокат,2010,Россия,Комедии,7.3,Николай Михайлов
148,https://www.ivi.ru//watch/lyubimyie-zhenschinyi-kazanovyi,Любимые женщины Казановы,2014,Россия,Мелодрамы,7.9,Сергей Быстрицкий
149,https://www.ivi.ru//watch/442296,Шугалей 2,2020,Россия,Боевики,7.9,Максим Бриус
150,https://www.ivi.ru//watch/zhenschina_zima,Женщина-зима,2009,Россия,Мелодрамы,7.5,Сергей Комаров
151,https://www.ivi.ru//watch/498046,Девушка на миллион,2022,Россия,Комедии,5.3,Мария Ефремова
152,https://www.ivi.ru//watch/tetya-tanya,Тетя Таня,2022,Россия,Детективы,6.8,Павел Иванов
153,https://www.ivi.ru//watch/180852,Дедушка,2016,Россия,Мелодрамы,8.0,Игорь Москвитин
154,https://www.ivi.ru//watch/450994,Дважды два,2021,Россия,Мелодрамы,5.2,Виталий Манюков
155,https://www.ivi.ru//watch/193398,Решение о ликвидации,2018,Россия,Боевики,7.5,Александр Аравин
156,https://www.ivi.ru//watch/prosche-parenoj-repyi,Проще пареной репы,2016,Россия,Мелодрамы,7.3,Иван Криворучко
157,https://www.ivi.ru//watch/istselenie-2015,Исцеление (2013),2015,Россия,Мелодрамы,7.4,Роман Просвирнин
158,https://www.ivi.ru//watch/132373,Единичка,2015,Россия,Военные,8.0,Кирилл Белевич
159,https://www.ivi.ru//watch/198341,Особенности национальной охоты в зимний период,2000,Россия,Комедии,7.9,Александр Рогожкин
160,https://www.ivi.ru//watch/498820,Тыгын Дархан,2020,Россия,Драмы,6.6,Никита Аржаков
161,https://www.ivi.ru//watch/415622,Ржев,2019,Россия,Военные,8.1,Игорь Копылов
162,https://www.ivi.ru//watch/nezabudki,Незабудки,2013,Россия,Мелодрамы,7.6,Юрий Павлов
163,https://www.ivi.ru//watch/235587,Нефутбол,2021,Россия,Комедии,7.8,Максим Свешников
164,https://www.ivi.ru//watch/495827,Жанна,2022,Россия,Драмы,7.4,Константин Статский
165,https://www.ivi.ru//watch/2533,"Здравствуйте, мы ваша крыша!",2005,Россия,Комедии,6.4,Виталий Мухаметзянов
166,https://www.ivi.ru//watch/domrabotnitsa-2015,Домработница (2015),2015,Россия,Мелодрамы,7.2,Юсуп Разыков
167,https://www.ivi.ru//watch/2749,Побег,2005,Россия,Триллеры,8.2,Егор Кончаловский
168,https://www.ivi.ru//watch/dom-spyaschih-krasavits,Дом спящих красавиц,2014,Россия,Мелодрамы,7.7,Сергей Комаров
169,https://www.ivi.ru//watch/dochki-materi,Дочки-матери,2009,Россия,Мелодрамы,7.0,Андрей Селиванов
170,https://www.ivi.ru//watch/vasilki,Васильки,2013,Россия,Мелодрамы,7.4,Игорь Мужжухин
171,https://www.ivi.ru//watch/504204,Беспринципные в деревне,2023,Россия,Комедии,7.2,Роман Прыгунов
172,https://www.ivi.ru//watch/498153,Сквозь время,2023,Россия,Фантастика,6.8,Александр Богуславский
173,https://www.ivi.ru//watch/532237,Как я встретил её маму,2024,Россия,Комедии,7.1,Егор Сальников
174,https://www.ivi.ru//watch/138665,Везучая,2013,Россия,Мелодрамы,7.3,Роман Просвирнин
175,https://www.ivi.ru//watch/504193,Лёгкое знакомство,2023,Россия,Мелодрамы,6.2,Александр Крестников
176,https://www.ivi.ru//watch/517192,Квест,2023,Россия,Приключения,6.3,Иван Архипов
177,https://www.ivi.ru//watch/11191,Снежный человек,2009,Россия,Комедии,6.9,Константин Чармадов
178,https://www.ivi.ru//watch/lyubka,Любка,2009,Россия,Мелодрамы,8.2,Станислав Митин
179,https://www.ivi.ru//watch/mest-2023,Месть,2023,Киргизия,Криминал,6.9,Эрмек Талайбеков
180,https://www.ivi.ru//watch/medovaya-lyubov,Медовая любовь,2011,Россия,Мелодрамы,7.3,Александр Итыгилов мл.
181,https://www.ivi.ru//watch/70021,Никогда не забуду тебя!,2008,Россия,Мелодрамы,7.1,Сайдо Курбанов
182,https://www.ivi.ru//watch/zaberi-menya-k-sebe,Забери меня к себе,2024,Россия,Мелодрамы,7.1,Евгений Сологалов
183,https://www.ivi.ru//watch/528414,Дорога к дому,2023,Россия,Драмы,8.1,Иван Шерстников
184,https://www.ivi.ru//watch/zagadka-pifagora-3,Загадка Пифагора,2022,Россия,Детективы,7.3,Мария Маханько
185,https://www.ivi.ru//watch/446435,Разговорник,2020,Россия,Фильмы-спектакли,7.9,Сергей Сенцов
186,https://www.ivi.ru//watch/klubnichnyij-raj,Клубничный рай,2012,Россия,Мелодрамы,6.8,Сергей Гиргель
187,https://www.ivi.ru//watch/zavtrak-v-postel,Завтрак в постель,2017,Россия,Мелодрамы,7.8,Сергей Краснов
188,https://www.ivi.ru//watch/gatchina-molchanie-silvii,Гатчина. Молчание Сильвии,2024,Россия,Документальные,8.6,Максим Беспалый
189,https://www.ivi.ru//watch/91834,Отпуск летом,2014,Россия,Мелодрамы,7.6,Артем Насыбулин
190,https://www.ivi.ru//watch/2487,Непобедимый,2007,Россия,Боевики,6.9,Олег Погодин
191,https://www.ivi.ru//watch/138654,Два мгновения любви,2013,Россия,Мелодрамы,7.7,Валерий Девятилов
192,https://www.ivi.ru//watch/424909,Шугалей,2020,Россия,Боевики,7.3,Денис Нейманд
193,https://www.ivi.ru//watch/zagadka-evklida,Загадка Евклида,2023,Россия,Детективы,7.2,Мария Маханько
194,https://www.ivi.ru//watch/2475,Мираж,2007,Россия,Боевики,6.3,Тигран Кеосаян
195,https://www.ivi.ru//watch/vishenka-na-torte,Вишенка на торте,2024,Россия,Мелодрамы,7.1,Евгений Сологалов
196,https://www.ivi.ru//watch/11146,Про бизнесмена Фому,1993,Россия,Комедии,7.4,Валерий Чиков
197,https://www.ivi.ru//watch/491606,Ёлки 9,2022,Россия,Комедии,7.2,Александра Лупашко
198,https://www.ivi.ru//watch/222637,Королева,2020,Россия,Комедии,6.3,Таисия Игуменцева
199,https://www.ivi.ru//watch/2645,Бой с тенью,2005,Россия,Боевики,8.1,Алексей Сидоров
200,https://www.ivi.ru//watch/114935,Ворошиловский стрелок,1999,Россия,Драмы,8.6,Станислав Говорухин
201,https://www.ivi.ru//watch/ohota-na-russkogo-geniya,Охота на русского гения,2024,Россия,Драмы,5.6,Мария Ефремова
202,https://www.ivi.ru//watch/126658,Дурак,2014,Россия,Драмы,7.5,Юрий Быков
203,https://www.ivi.ru//watch/90509,Сюрприз для любимого,2014,Россия,Мелодрамы,6.8,Андрей Селиванов
204,https://www.ivi.ru//watch/odna-noch,Одна ночь,2024,Россия,Мелодрамы,6.9,Наталия Микрюкова
205,https://www.ivi.ru//watch/115621,Восьмерка,2013,Россия,Боевики,6.1,Алексей Учитель
206,https://www.ivi.ru//watch/103314,Тёмный мир: Равновесие,2013,Россия,Фэнтези,7.6,Олег Асадулин
207,https://www.ivi.ru//watch/498372,Я на перемотке!,2022,Россия,Комедии,8.4,Никита Владимиров
208,https://www.ivi.ru//watch/90642,Срочно! Ищу мужа,2011,Россия,Мелодрамы,7.4,Алина Чеботарева
209,https://www.ivi.ru//watch/192114,Полцарства за любовь,2014,Россия,Мелодрамы,7.4,Александр Хван
210,https://www.ivi.ru//watch/pamyat-serdtsa,Память сердца,2014,Россия,Мелодрамы,5.9,Артем Насыбулин
211,https://www.ivi.ru//watch/192131,Третья попытка,2013,Россия,Мелодрамы,7.1,Игорь Мужжухин
212,https://www.ivi.ru//watch/133404,Оазис любви,2012,Россия,Мелодрамы,7.8,Артем Насыбулин
213,https://www.ivi.ru//watch/talisman,Талисман,2021,Россия,Комедии,6.7,Анарио Мамедов
214,https://www.ivi.ru//watch/2627,Бой с тенью 2: Реванш,2007,Россия,Боевики,7.9,Антон Мегердичев
215,https://www.ivi.ru//watch/73016,Бой с тенью 3D: Последний раунд,2011,Россия,Боевики,8.4,Алексей Сидоров
216,https://www.ivi.ru//watch/171726,Невеста,2017,Россия,Ужасы,5.5,Святослав Подгаевский
217,https://www.ivi.ru//watch/490117,Весури,2019,Россия,Драмы,7.2,Александр Якимчук
218,https://www.ivi.ru//watch/92841,Матч,2012,Россия,Драмы,7.4,Андрей Малюков
219,https://www.ivi.ru//watch/184118,Фото на недобрую память,2016,Россия,Мелодрамы,7.2,Алина Чеботарева
220,https://www.ivi.ru//watch/216755,"Гуляй, Вася! Свидание на Бали",2021,Россия,Комедии,7.0,Роман Каримов
221,https://www.ivi.ru//watch/488068,Тайный Санта,2022,Россия,Комедии,7.7,Александр Бабаев
222,https://www.ivi.ru//watch/114412,Тётушки,2013,Россия,Комедии,7.2,Александр Кананович
223,https://www.ivi.ru//watch/441927,LOVE,2021,Россия,Комедии,6.9,Игорь Твердохлебов
224,https://www.ivi.ru//watch/486671,Ласточки Христовы,2022,Россия,Документальные,9.2,Юлия Бочарова
225,https://www.ivi.ru//watch/ne-togo-polya-yagoda,Не того поля ягода,2016,Россия,Мелодрамы,6.9,Александр Высоковский
226,https://www.ivi.ru//watch/191284,Поцелуев мост,2016,Россия,Мелодрамы,7.5,Андрей Красавин
227,https://www.ivi.ru//watch/447548,Самый Новый год!,2020,Россия,Комедии,7.8,Антонина Руже
228,https://www.ivi.ru//watch/znaharka,Знахарка,2012,Россия,Мелодрамы,7.3,Владимир Тумаев
229,https://www.ivi.ru//watch/208077,Фото на память,2018,Россия,Ужасы,5.3,Антон Зенкович
230,https://www.ivi.ru//watch/2664,Невыполнимое задание,2003,Россия,Военные,6.5,Олег Погодин
231,https://www.ivi.ru//watch/191281,Опять замуж,2016,Россия,Мелодрамы,7.4,Александр Грабарь
232,https://www.ivi.ru//watch/192711,Неадекватные люди 2,2020,Россия,Мелодрамы,7.8,Роман Каримов
233,https://www.ivi.ru//watch/182185,Роза прощальных ветров,2012,Россия,Мелодрамы,7.0,Дмитрий Сорокин
234,https://www.ivi.ru//watch/109140,Глухарь в кино,2010,Россия,Комедии,7.6,Владимир Виноградов
235,https://www.ivi.ru//watch/bitva-za-rodinu,Битва за Родину,2024,Казахстан,Военные,6.6,Талгат Теменов
236,https://www.ivi.ru//watch/esli-on-menya-uznaet,Если он меня узнает,2024,Россия,Мелодрамы,7.0,Александр Грабарь
237,https://www.ivi.ru//watch/lyubov-i-nemnozhko-plombira,Любовь и немножко пломбира,2019,Россия,Мелодрамы,7.1,Владимир Янковский
238,https://www.ivi.ru//watch/rusalka,Русалка,2012,Россия,Мелодрамы,7.0,Вадим Арапов
239,https://www.ivi.ru//watch/192132,Ты будешь моей,2013,Россия,Мелодрамы,6.6,Анатолий Матешко
240,https://www.ivi.ru//watch/473879,Лунатики,2023,Россия,Драмы,7.2,Юрий Мороз
241,https://www.ivi.ru//watch/112311,Страна хороших деточек,2013,Россия,Для детей,7.9,Ольга Каптур
242,https://www.ivi.ru//watch/191428,Жена по совместительству,2015,Россия,Мелодрамы,7.4,Андрей Записов
243,https://www.ivi.ru//watch/185663,"Ну, здравствуй, Оксана Соколова!",2018,Россия,Комедии,7.5,Кирилл Васильев
244,https://www.ivi.ru//watch/55203,Приходи на меня посмотреть,2000,Россия,Мелодрамы,8.6,Михаил Агранович
245,https://www.ivi.ru//watch/520270,Рассмеши меня,2023,Россия,Комедии,4.1,Роман Клименко
246,https://www.ivi.ru//watch/66171,Пять невест,2011,Россия,Комедии,8.2,Карен Оганесян
247,https://www.ivi.ru//watch/488992,Родители строгого режима,2022,Россия,Комедии,7.2,Никита Владимиров
248,https://www.ivi.ru//watch/2473,Стритрейсеры,2008,Россия,Боевики,7.2,Олег Фесенко
249,https://www.ivi.ru//watch/191515,Идеальная пара,2015,Россия,Мелодрамы,7.8,Ольга Доброва-Куликова
250,https://www.ivi.ru//watch/prikazano_zhenit,Приказано женить,2012,Россия,Комедии,6.8,Юрий Морозов
251,https://www.ivi.ru//watch/volchok,Волчок,2008,Россия,Артхаус,6.6,Василий Сигарев
252,https://www.ivi.ru//watch/93644,8 первых свиданий,2012,Россия,Комедии,7.7,Дэвид Додсон
253,https://www.ivi.ru//watch/lyubov-kak-stihijnoe-bedstvie,Любовь как стихийное бедствие,2016,Россия,Мелодрамы,7.5,Дмитрий Петрунь
254,https://www.ivi.ru//watch/191583,По секрету всему свету,2015,Россия,Мелодрамы,7.2,Роман Просвирнин
255,https://www.ivi.ru//watch/dvenadtsat-chudes,Двенадцать чудес,2017,Россия,Мелодрамы,7.8,Мария Маханько
256,https://www.ivi.ru//watch/verni-menya,Верни меня,2013,Россия,Мелодрамы,7.3,Александр Ефремов
257,https://www.ivi.ru//watch/a-u-nas-vo-dvore-prervannyij-sezon,А у нас во дворе. Прерванный сезон,2023,Россия,Документальные,9.0,Ольга Музалева
258,https://www.ivi.ru//watch/2640,Точка,2006,Россия,Драмы,6.4,Юрий Мороз
259,https://www.ivi.ru//watch/53386,Ширли-мырли,1995,Россия,Комедии,8.2,Владимир Меньшов
260,https://www.ivi.ru//watch/478492,Ёлки 8,2021,Россия,Комедии,6.4,Антон Богданов
261,https://www.ivi.ru//watch/498122,Сёстры,2022,Россия,Ужасы,5.4,Иван Петухов
262,https://www.ivi.ru//watch/klyuchi_ot_schastya,Ключи от счастья,2008,Россия,Мелодрамы,7.0,Роман Просвирнин
263,https://www.ivi.ru//watch/504638,Один настоящий день,2023,Россия,Триллеры,7.5,Георгий Шенгелия
264,https://www.ivi.ru//watch/2484,На море!,2008,Россия,Комедии,6.8,Ярослав Чеважевский
265,https://www.ivi.ru//watch/provintsialnaya-madonna,Провинциальная Мадонна,2017,Россия,Мелодрамы,7.0,Сергей Мезенцев
266,https://www.ivi.ru//watch/55174,Сирота казанская,1997,Россия,Комедии,8.4,Владимир Машков
267,https://www.ivi.ru//watch/192112,Петрович,2012,Россия,Мелодрамы,7.6,Андрей Красавин
268,https://www.ivi.ru//watch/107541,Zолушка,2012,Россия,Комедии,7.3,Антон Борматов
269,https://www.ivi.ru//watch/520602,Гардемарины 1787. Война,2023,Россия,Приключения,6.1,Светлана Дружинина
270,https://www.ivi.ru//watch/53855,Питер FM,2006,Россия,Мелодрамы,8.3,Оксана Бычкова
271,https://www.ivi.ru//watch/62474,"Ромашка, кактус, маргаритка",2009,Россия,Мелодрамы,6.7,Александр Итыгилов мл.
272,https://www.ivi.ru//watch/moj,Мой,2009,Россия,Мелодрамы,8.7,Андрей Комков
273,https://www.ivi.ru//watch/svodnaya-sestra,Сводная сестра,2013,Россия,Мелодрамы,7.0,Андрей Канивченко
274,https://www.ivi.ru//watch/498821,Суперсерия 72,2022,Россия,Спорт,8.2,Сергей Головецкий
275,https://www.ivi.ru//watch/109278,Рейдер,2011,Россия,Драмы,6.7,Всеволод Аравин
276,https://www.ivi.ru//watch/173990,Килиманджара,2018,Россия,Комедии,6.7,
277,https://www.ivi.ru//watch/521937,Подвал господина Гринберга,2023,Россия,Триллеры,5.8,Андрей Паюков
278,https://www.ivi.ru//watch/520603,Гардемарины 1787. Мир,2023,Россия,Приключения,6.1,Светлана Дружинина
279,https://www.ivi.ru//watch/191499,Некрасивая Любовь,2015,Россия,Мелодрамы,7.3,Кира Ангелина
280,https://www.ivi.ru//watch/453053,Либерея: Охотники за сокровищами,2022,Россия,Приключения,6.9,Глеб Орлов
281,https://www.ivi.ru//watch/103338,Привычка расставаться,2013,Россия,Мелодрамы,7.2,Екатерина Телегина
282,https://www.ivi.ru//watch/nevalyashka,Неваляшка,2016,Россия,Мелодрамы,7.5,Роман Просвирнин
283,https://www.ivi.ru//watch/245011,Северный ветер,2021,Россия,Драмы,6.0,Рената Литвинова
284,https://www.ivi.ru//watch/krov-ne-voda,Кровь не вода,2009,Россия,Мелодрамы,7.1,Дмитрий Булин
285,https://www.ivi.ru//watch/elastiko-dvenadtsatyij-igrok,Эластико: Двенадцатый игрок,2022,Россия,Спорт,6.9,Дмитрий Власкин
286,https://www.ivi.ru//watch/102192,Новогодняя жена,2013,Россия,Комедии,7.4,Светлана Музыченко
287,https://www.ivi.ru//watch/239585,"Печень, или История одного стартапа",2021,Россия,Комедии,6.1,Иван Снежкин
288,https://www.ivi.ru//watch/191505,Любовь на четырёх колёсах,2015,Россия,Мелодрамы,6.9,Сергей Влади
289,https://www.ivi.ru//watch/138174,Коммунальный детектив,2014,Россия,Детективы,7.0,Ольга Музалева
290,https://www.ivi.ru//watch/137311,Училка,2015,Россия,Драмы,7.9,Алексей Петрухин
291,https://www.ivi.ru//watch/383853,Под прицелом любви,2012,Россия,Детективы,7.0,Дмитрий Лактионов
292,https://www.ivi.ru//watch/109706,Любовь и Роман,2014,Россия,Мелодрамы,7.3,Евгений Соколов
293,https://www.ivi.ru//watch/521347,Неестественный отбор,2023,Россия,Триллеры,5.0,Татьяна Ярмак
294,https://www.ivi.ru//watch/55116,Царь,2009,Россия,Исторические,7.5,Павел Лунгин
295,https://www.ivi.ru//watch/173998,Последнее испытание,2018,Россия,Драмы,8.1,Алексей Петрухин
296,https://www.ivi.ru//watch/427907,Мозг. Вторая Вселенная,2017,Россия,Документальные,7.7,Юлия Киселева
297,https://www.ivi.ru//watch/192118,Путь к сердцу мужчины,2013,Россия,Мелодрамы,6.2,Михаил Жерневский
298,https://www.ivi.ru//watch/154389,Превратности судьбы,2008,Россия,Мелодрамы,6.7,Андрей Селиванов
299,https://www.ivi.ru//watch/191072,Счастья! Здоровья!,2018,Россия,Комедии,7.1,Марк Горобец
300,https://www.ivi.ru//watch/480516,Бабки,2021,Россия,Комедии,6.3,Никита Владимиров
301,https://www.ivi.ru//watch/illyuziya-schastya,Иллюзия счастья,2013,Россия,Мелодрамы,6.9,Алексей Карелин
302,https://www.ivi.ru//watch/93558,Небесный суд,2012,Россия,Мелодрамы,7.7,Алена Званцова
303,https://www.ivi.ru//watch/150648,Обратный билет,2012,Россия,Мелодрамы,7.1,Александр Кананович
304,https://www.ivi.ru//watch/133413,Майский дождь,2012,Россия,Мелодрамы,7.2,Иван Сидоров
305,https://www.ivi.ru//watch/90338,Только вернись!,2008,Россия,Драмы,5.9,Роман Фокин
306,https://www.ivi.ru//watch/vladivostok,Владивосток,2021,Россия,Мелодрамы,6.7,Антон Борматов
307,https://www.ivi.ru//watch/70014,Моя мама Снегурочка,2007,Россия,Мелодрамы,7.8,Роман Барабаш
308,https://www.ivi.ru//watch/138017,Куда уходит любовь,2014,Россия,Мелодрамы,7.4,Андрей Селиванов
309,https://www.ivi.ru//watch/96320,Изгнание,2007,Россия,Драмы,6.8,Андрей Звягинцев
310,https://www.ivi.ru//watch/296762,Бывшая,2021,Россия,Ужасы,5.8,Евгений Пузыревский
311,https://www.ivi.ru//watch/85497,Долгожданная любовь,2008,Россия,Мелодрамы,8.3,Сергей Артимович
312,https://www.ivi.ru//watch/slishkom-krasivaya-zhena,Слишком красивая жена,2013,Россия,Мелодрамы,7.3,Сергей Мезенцев
313,https://www.ivi.ru//watch/492457,Семья,2012,Россия,Комедии,7.1,Дмитрий Сорокин
314,https://www.ivi.ru//watch/ne-obmani,Не обмани,2021,Россия,Мелодрамы,7.0,Алексей Праздников
315,https://www.ivi.ru//watch/42832,На крючке!,2011,Россия,Комедии,7.6,Наталья Углицких
316,https://www.ivi.ru//watch/192116,Простить за всё,2015,Россия,Мелодрамы,6.7,Павел Снисаренко
317,https://www.ivi.ru//watch/96319,Возвращение,2003,Россия,Драмы,7.4,Андрей Звягинцев
318,https://www.ivi.ru//watch/110630,Майор,2013,Россия,Криминал,7.1,Юрий Быков
319,https://www.ivi.ru//watch/podmena-2016,Подмена,2016,Россия,Мелодрамы,7.1,Андрей Селиванов
320,https://www.ivi.ru//watch/za-polchasa-do-vesnyi,За полчаса до весны (2017),2017,Россия,Мелодрамы,7.3,Валерий Девятилов
321,https://www.ivi.ru//watch/ukradennoe-schaste,Украденное счастье,2016,Россия,Мелодрамы,6.9,Максим Бриус
322,https://www.ivi.ru//watch/vremya-est,Время есть!,2024,Россия,Мелодрамы,6.1,Диана Кади
323,https://www.ivi.ru//watch/razbityie-serdtsa,Разбитые сердца,2016,Россия,Мелодрамы,7.5,Сергей Мезенцев
324,https://www.ivi.ru//watch/192056,Право последней ночи,2017,Россия,Мелодрамы,6.3,Павел Снисаренко
325,https://www.ivi.ru//watch/tyi-zaplatish-za-vse,Ты заплатишь за всё,2013,Россия,Мелодрамы,5.9,Дмитрий Сорокин
326,https://www.ivi.ru//watch/110113,Тариф Новогодний,2008,Россия,Комедии,8.4,Евгений Бедарев
327,https://www.ivi.ru//watch/450483,Чумовой Новый Год!,2020,Россия,Музыкальные,7.2,Андрей Богатырев
328,https://www.ivi.ru//watch/99728,Арифметика подлости,2011,Россия,Мелодрамы,7.0,Алексей Лисовец
329,https://www.ivi.ru//watch/85483,Счастливого пути,2008,Россия,Мелодрамы,6.4,Александр Баршак
330,https://www.ivi.ru//watch/85636,Любовь на сене,2009,Россия,Мелодрамы,7.5,Валерий Чиков
331,https://www.ivi.ru//watch/192126,Синдром недосказанности,2015,Россия,Мелодрамы,7.7,Сергей Лялин
332,https://www.ivi.ru//watch/219029,Грецкий орешек,2018,Россия,Комедии,6.7,Стас Иванов
333,https://www.ivi.ru//watch/90091,"Уйти, чтобы остаться",2013,Россия,Мелодрамы,8.0,Алина Чеботарева
334,https://www.ivi.ru//watch/holodnoe-blyudo,Холодное блюдо,2013,Россия,Мелодрамы,7.5,Глеб Якубовский
335,https://www.ivi.ru//watch/471556,Чиновник,2021,Россия,Комедии,5.6,Владимир Моташнёв
336,https://www.ivi.ru//watch/moj-blizkij-vrag,Мой близкий враг,2014,Россия,Мелодрамы,6.7,Катя Шагалова
337,https://www.ivi.ru//watch/81801,Про любоff,2010,Россия,Мелодрамы,7.1,Ольга Субботина
338,https://www.ivi.ru//watch/sila-veryi,Сила Веры,2013,Россия,Мелодрамы,7.4,Александр Карпиловский
339,https://www.ivi.ru//watch/slezyi-na-podushke,Слёзы на подушке,2016,Россия,Мелодрамы,7.4,Дмитрий Сорокин
340,https://www.ivi.ru//watch/55172,Май,2007,Россия,Драмы,7.6,Марат Рафиков
341,https://www.ivi.ru//watch/umnaya-pomosch,Умная помощь,2024,Россия,Мелодрамы,6.7,Мария Ефремова
342,https://www.ivi.ru//watch/70004,Черное платье,2008,Россия,Мелодрамы,7.6,Владимир Дощук
343,https://www.ivi.ru//watch/tescha-komandir,Тёща-командир,2016,Россия,Мелодрамы,7.3,Сергей Мезенцев
344,https://www.ivi.ru//watch/191283,Последний лепесток,2016,Россия,Мелодрамы,7.4,Валерий Девятилов
345,https://www.ivi.ru//watch/151068,В ожидании весны,2012,Россия,Мелодрамы,7.3,Игорь Войтулевич
346,https://www.ivi.ru//watch/2635,Час пик,2006,Россия,Драмы,7.5,Олег Фесенко
347,https://www.ivi.ru//watch/138650,Пряники из картошки,2011,Россия,Мелодрамы,7.3,Сергей Гиргель
348,https://www.ivi.ru//watch/186919,Елена Прекрасная,2017,Россия,Мелодрамы,6.8,Павел Мальков
349,https://www.ivi.ru//watch/224235,Ожерелье,2013,Россия,Мелодрамы,7.4,Александр Хван
350,https://www.ivi.ru//watch/414437,Мозг. Эволюция,2019,Россия,Документальные,8.4,Юлия Киселева
351,https://www.ivi.ru//watch/ona-sbila-letchika,Она сбила лётчика,2016,Россия,Мелодрамы,7.3,Артем Насыбулин
352,https://www.ivi.ru//watch/kogda_zatsvetet_bagulnik,Когда зацветет багульник,2010,Россия,Мелодрамы,7.1,Юлия Краснова
353,https://www.ivi.ru//watch/192120,Работа над ошибками,2015,Россия,Мелодрамы,7.8,Сергей Гиргель
354,https://www.ivi.ru//watch/frodya,Фродя,2013,Россия,Мелодрамы,7.1,Алина Чеботарева
355,https://www.ivi.ru//watch/85487,Спящий и красавица,2008,Россия,Драмы,7.5,Ирина Апексимова
356,https://www.ivi.ru//watch/hozyajka-bolshogo-goroda,Хозяйка большого города,2013,Россия,Мелодрамы,7.7,Кира Ангелина
357,https://www.ivi.ru//watch/terror-lyubovyu,Террор любовью,2009,Россия,Мелодрамы,7.8,Роман Просвирнин
358,https://www.ivi.ru//watch/93944,Монро,2010,Россия,Мелодрамы,8.2,Александр Кананович
359,https://www.ivi.ru//watch/kto-tebya-pobedil-nikto,Кто тебя победил? Никто,2021,Россия,Документальные,8.2,Любовь Аркус
360,https://www.ivi.ru//watch/224248,Кружева,2014,Россия,Мелодрамы,7.2,Иван Мережко
361,https://www.ivi.ru//watch/172264,Вечная жизнь Александра Христофорова,2018,Россия,Комедии,7.6,Евгений Шелякин
362,https://www.ivi.ru//watch/112454,Папа,2004,Россия,Драмы,8.4,Владимир Машков
363,https://www.ivi.ru//watch/poslednyaya-zhertva-annyi,Последняя жертва Анны,2015,Россия,Мелодрамы,4.5,Петр Степин
364,https://www.ivi.ru//watch/521942,Отпуск в октябре,2023,Россия,Драмы,3.5,Роман Михайлов
365,https://www.ivi.ru//watch/478051,День мертвых,2021,Россия,Драмы,7.2,Виктор Рыжаков
366,https://www.ivi.ru//watch/171247,"Я любить тебя буду, можно?",2017,Россия,Мелодрамы,7.9,Мария Ефремова
367,https://www.ivi.ru//watch/dasha,Даша,2013,Россия,Мелодрамы,6.8,Антон Азаров
368,https://www.ivi.ru//watch/471529,Белый кит,2022,Россия,Драмы,6.0,Татьяна Федоровская
369,https://www.ivi.ru//watch/102283,Мой папа лётчик,2013,Россия,Мелодрамы,8.3,Александр Итыгилов мл.
370,https://www.ivi.ru//watch/2719,Даун Хаус,2001,Россия,Комедии,7.6,Роман Качанов
371,https://www.ivi.ru//watch/ot-pechali-do-radosti,От печали до радости,2016,Россия,Мелодрамы,6.8,Дмитрий Сорокин
372,https://www.ivi.ru//watch/tochka-vozvrata,Точка возврата,2007,Россия,Детективы,6.7,Александр Копейкин
373,https://www.ivi.ru//watch/67509,Любовь до востребования,2009,Россия,Мелодрамы,8.1,Артем Насыбулин
374,https://www.ivi.ru//watch/192105,Курортный роман,2007,Россия,Мелодрамы,6.0,Роман Фокин
375,https://www.ivi.ru//watch/412014,Расскажи мне обо мне,2014,Россия,Мелодрамы,8.0,Александр Щурихин
376,https://www.ivi.ru//watch/2720,Домовой,2008,Россия,Триллеры,7.0,Карен Оганесян
377,https://www.ivi.ru//watch/192051,Блюз для сентября,2017,Россия,Мелодрамы,5.5,Роман Просвирнин
378,https://www.ivi.ru//watch/181673,Ищите маму,2013,Россия,Мелодрамы,8.1,Вячеслав Лавров
379,https://www.ivi.ru//watch/barista,Бариста,2015,Россия,Детективы,5.3,Александр Касаткин
380,https://www.ivi.ru//watch/85500,Любовь под надзором,2007,Россия,Мелодрамы,8.2,Владимир Шевельков
381,https://www.ivi.ru//watch/85493,Прилетит вдруг волшебник,2008,Россия,Мелодрамы,8.3,Ксана Харламова
382,https://www.ivi.ru//watch/158772,Разбуди меня,2017,Россия,Триллеры,5.9,Гийом Проценко
383,https://www.ivi.ru//watch/odinochestvo,Одиночество,2016,Россия,Мелодрамы,7.7,Виталий Бабенко
384,https://www.ivi.ru//watch/508525,Почти как все,2023,Россия,Драмы,7.6,Илларион Яковлев
385,https://www.ivi.ru//watch/85492,Каникулы любви,2008,Россия,Мелодрамы,8.1,Вадим Арапов
386,https://www.ivi.ru//watch/511274,МаскЕрад,2023,Россия,Мелодрамы,6.8,Михаил Шевчук
387,https://www.ivi.ru//watch/85468,Время счастья 2,2011,Россия,Мелодрамы,8.2,Дмитрий Сорокин
388,https://www.ivi.ru//watch/ostantes-navsegda,Останьтесь навсегда,2015,Россия,Мелодрамы,6.5,Сергей Гиргель
389,https://www.ivi.ru//watch/437668,Хищники,2021,Россия,Комедии,6.0,Степан Соколов
390,https://www.ivi.ru//watch/99848,Дела семейные,2012,Россия,Мелодрамы,7.9,Александр Кананович
391,https://www.ivi.ru//watch/154392,Танцуй...,2007,Россия,Драмы,7.9,Евгений Лаврентьев
392,https://www.ivi.ru//watch/70012,"Здравствуйте, Вам!",2007,Россия,Мелодрамы,7.1,Владимир Крайнев
393,https://www.ivi.ru//watch/191516,Игра в прятки,2008,Россия,Мелодрамы,7.5,Мария Можар
394,https://www.ivi.ru//watch/85481,Белый паровоз,2008,Россия,Комедии,8.0,Павел Снисаренко
395,https://www.ivi.ru//watch/509486,Сценарий для Голливуда,2022,Россия,Комедии,7.5,Ибрагим Урсанов
396,https://www.ivi.ru//watch/bezhat-nelzya-pogibnut,Бежать нельзя погибнуть,2015,Россия,Мелодрамы,6.2,Александр Касаткин
397,https://www.ivi.ru//watch/2542,Марс,2004,Россия,Комедии,5.7,Анна Меликян
398,https://www.ivi.ru//watch/459851,Конец фильма,2021,Россия,Комедии,5.2,Владимир Котт
399,https://www.ivi.ru//watch/503400,"Снег, сестра и росомаха",2023,Россия,Мелодрамы,8.0,Роман Михайлов
400,https://www.ivi.ru//watch/494796,Преподы на всю голову,2022,Россия,Комедии,8.0,Ерзия Ертлес
401,https://www.ivi.ru//watch/po-lyubvi,По любви,2025,Россия,Комедии,7.7,Борис Милованов
402,https://www.ivi.ru//watch/domovenok-kuzya,Домовёнок Кузя,2024,Россия,Комедии,8.2,Виктор Лакисов
403,https://www.ivi.ru//watch/postuchis-v-moyu-tver,Постучись в мою Тверь,2025,Россия,Комедии,7.9,Симон Багдасарян
404,https://www.ivi.ru//watch/bratya-2024,Братья,2024,Россия,Комедии,6.7,Марк Горобец
405,https://www.ivi.ru//watch/157373,Сдается дом со всеми неудобствами,2016,Россия,Комедии,6.7,Вера Сторожева
406,https://www.ivi.ru//watch/papu-mame-zaverni,Папу маме заверни,2024,Россия,Комедии,7.3,Иван Архипов
407,https://www.ivi.ru//watch/181435,Одноклассницы: Новый поворот,2017,Россия,Комедии,7.2,Дмитрий Суворов
408,https://www.ivi.ru//watch/519572,Праздники,2023,Россия,Комедии,8.0,Борис Дергачев
409,https://www.ivi.ru//watch/540613,Схватка,2024,Россия,Боевики,7.6,Дмитрий Клепацкий
410,https://www.ivi.ru//watch/151070,Проверка на любовь,2013,Россия,Мелодрамы,7.2,Игорь Войтулевич
411,https://www.ivi.ru//watch/krasotka,Красотка,2013,Россия,Мелодрамы,7.4,Дмитрий Петрунь
412,https://www.ivi.ru//watch/zyat,Зять,2024,Россия,Комедии,7.4,Анарио Мамедов
413,https://www.ivi.ru//watch/227695,Спасите Колю!,2021,Россия,Комедии,7.3,Дмитрий Губарев
414,https://www.ivi.ru//watch/ispyitanie-aulom,Испытание аулом,2023,Россия,Комедии,8.6,Ислам Сатыров
415,https://www.ivi.ru//watch/436114,Булки,2022,Россия,Комедии,7.3,Олег Асадулин
416,https://www.ivi.ru//watch/415769,Тень звезды,2020,Россия,Драмы,6.9,Дмитрий Губарев
417,https://www.ivi.ru//watch/470954,Любовники,2022,Россия,Комедии,7.3,Елена Хазанова
418,https://www.ivi.ru//watch/436466,Трое,2020,Россия,Драмы,6.6,Анна Меликян
419,https://www.ivi.ru//watch/400954,Красавец и чудовище,2014,Россия,Мелодрамы,7.7,Иван Криворучко
420,https://www.ivi.ru//watch/459158,Приказ «Уничтожить»,2019,Россия,Военные,7.3,Константин Статский
421,https://www.ivi.ru//watch/414380,"Мама, я женюсь!",2014,Россия,Мелодрамы,6.7,Петр Степин
422,https://www.ivi.ru//watch/133299,Ледокол,2016,Россия,Катастрофы,8.0,Николай Хомерики
423,https://www.ivi.ru//watch/487282,Моя ужасная сестра,2022,Россия,Комедии,7.9,Александр Галибин
424,https://www.ivi.ru//watch/207342,Любовницы,2019,Россия,Комедии,7.2,Елена Хазанова
425,https://www.ivi.ru//watch/467529,Умная Маша,2022,Россия,Комедии,7.3,Андрей Никифоров
426,https://www.ivi.ru//watch/433499,Артек. Большое путешествие,2022,Россия,Комедии,8.5,Карен Захаров
427,https://www.ivi.ru//watch/melodiya-na-dva-golosa,Мелодия на два голоса,2015,Россия,Мелодрамы,7.4,Сергей Мезенцев
428,https://www.ivi.ru//watch/t-34-televersiya,Т-34. Полная версия,2020,Россия,Военные,8.7,Алексей Сидоров
429,https://www.ivi.ru//watch/214951,Бабушка легкого поведения 2,2019,Россия,Комедии,7.9,Марюс Вайсберг
430,https://www.ivi.ru//watch/po-lyubvi,По любви,2025,Россия,Комедии,7.7,Борис Милованов
431,https://www.ivi.ru//watch/domovenok-kuzya,Домовёнок Кузя,2024,Россия,Комедии,8.2,Виктор Лакисов
432,https://www.ivi.ru//watch/postuchis-v-moyu-tver,Постучись в мою Тверь,2025,Россия,Комедии,7.9,Симон Багдасарян
433,https://www.ivi.ru//watch/bratya-2024,Братья,2024,Россия,Комедии,6.7,Марк Горобец
434,https://www.ivi.ru//watch/157373,Сдается дом со всеми неудобствами,2016,Россия,Комедии,6.7,Вера Сторожева
435,https://www.ivi.ru//watch/papu-mame-zaverni,Папу маме заверни,2024,Россия,Комедии,7.3,Иван Архипов
436,https://www.ivi.ru//watch/181435,Одноклассницы: Новый поворот,2017,Россия,Комедии,7.2,Дмитрий Суворов
437,https://www.ivi.ru//watch/519572,Праздники,2023,Россия,Комедии,8.0,Борис Дергачев
438,https://www.ivi.ru//watch/540613,Схватка,2024,Россия,Боевики,7.6,Дмитрий Клепацкий
439,https://www.ivi.ru//watch/151070,Проверка на любовь,2013,Россия,Мелодрамы,7.2,Игорь Войтулевич
440,https://www.ivi.ru//watch/krasotka,Красотка,2013,Россия,Мелодрамы,7.4,Дмитрий Петрунь
441,https://www.ivi.ru//watch/zyat,Зять,2024,Россия,Комедии,7.4,Анарио Мамедов
442,https://www.ivi.ru//watch/227695,Спасите Колю!,2021,Россия,Комедии,7.3,Дмитрий Губарев
443,https://www.ivi.ru//watch/ispyitanie-aulom,Испытание аулом,2023,Россия,Комедии,8.6,Ислам Сатыров
444,https://www.ivi.ru//watch/436114,Булки,2022,Россия,Комедии,7.3,Олег Асадулин
445,https://www.ivi.ru//watch/415769,Тень звезды,2020,Россия,Драмы,6.9,Дмитрий Губарев
446,https://www.ivi.ru//watch/470954,Любовники,2022,Россия,Комедии,7.3,Елена Хазанова
447,https://www.ivi.ru//watch/436466,Трое,2020,Россия,Драмы,6.6,Анна Меликян
448,https://www.ivi.ru//watch/400954,Красавец и чудовище,2014,Россия,Мелодрамы,7.7,Иван Криворучко
449,https://www.ivi.ru//watch/459158,Приказ «Уничтожить»,2019,Россия,Военные,7.3,Константин Статский
450,https://www.ivi.ru//watch/414380,"Мама, я женюсь!",2014,Россия,Мелодрамы,6.7,Петр Степин
451,https://www.ivi.ru//watch/133299,Ледокол,2016,Россия,Катастрофы,8.0,Николай Хомерики
452,https://www.ivi.ru//watch/487282,Моя ужасная сестра,2022,Россия,Комедии,7.9,Александр Галибин
453,https://www.ivi.ru//watch/207342,Любовницы,2019,Россия,Комедии,7.2,Елена Хазанова
454,https://www.ivi.ru//watch/467529,Умная Маша,2022,Россия,Комедии,7.3,Андрей Никифоров
455,https://www.ivi.ru//watch/433499,Артек. Большое путешествие,2022,Россия,Комедии,8.5,Карен Захаров
456,https://www.ivi.ru//watch/melodiya-na-dva-golosa,Мелодия на два голоса,2015,Россия,Мелодрамы,7.4,Сергей Мезенцев
457,https://www.ivi.ru//watch/t-34-televersiya,Т-34. Полная версия,2020,Россия,Военные,8.7,Алексей Сидоров
458,https://www.ivi.ru//watch/214951,Бабушка легкого поведения 2,2019,Россия,Комедии,7.9,Марюс Вайсберг
459,https://www.ivi.ru//watch/po-lyubvi,По любви,2025,Россия,Комедии,7.7,Борис Милованов
460,https://www.ivi.ru//watch/domovenok-kuzya,Домовёнок Кузя,2024,Россия,Комедии,8.2,Виктор Лакисов
461,https://www.ivi.ru//watch/postuchis-v-moyu-tver,Постучись в мою Тверь,2025,Россия,Комедии,7.9,Симон Багдасарян
462,https://www.ivi.ru//watch/bratya-2024,Братья,2024,Россия,Комедии,6.7,Марк Горобец
463,https://www.ivi.ru//watch/157373,Сдается дом со всеми неудобствами,2016,Россия,Комедии,6.7,Вера Сторожева
464,https://www.ivi.ru//watch/papu-mame-zaverni,Папу маме заверни,2024,Россия,Комедии,7.3,Иван Архипов
465,https://www.ivi.ru//watch/181435,Одноклассницы: Новый поворот,2017,Россия,Комедии,7.2,Дмитрий Суворов
466,https://www.ivi.ru//watch/519572,Праздники,2023,Россия,Комедии,8.0,Борис Дергачев
467,https://www.ivi.ru//watch/540613,Схватка,2024,Россия,Боевики,7.6,Дмитрий Клепацкий
468,https://www.ivi.ru//watch/151070,Проверка на любовь,2013,Россия,Мелодрамы,7.2,Игорь Войтулевич
469,https://www.ivi.ru//watch/krasotka,Красотка,2013,Россия,Мелодрамы,7.4,Дмитрий Петрунь
470,https://www.ivi.ru//watch/zyat,Зять,2024,Россия,Комедии,7.4,Анарио Мамедов
471,https://www.ivi.ru//watch/227695,Спасите Колю!,2021,Россия,Комедии,7.3,Дмитрий Губарев
472,https://www.ivi.ru//watch/ispyitanie-aulom,Испытание аулом,2023,Россия,Комедии,8.6,Ислам Сатыров
473,https://www.ivi.ru//watch/436114,Булки,2022,Россия,Комедии,7.3,Олег Асадулин
474,https://www.ivi.ru//watch/415769,Тень звезды,2020,Россия,Драмы,6.9,Дмитрий Губарев
475,https://www.ivi.ru//watch/470954,Любовники,2022,Россия,Комедии,7.3,Елена Хазанова
476,https://www.ivi.ru//watch/436466,Трое,2020,Россия,Драмы,6.6,Анна Меликян
477,https://www.ivi.ru//watch/400954,Красавец и чудовище,2014,Россия,Мелодрамы,7.7,Иван Криворучко
478,https://www.ivi.ru//watch/459158,Приказ «Уничтожить»,2019,Россия,Военные,7.3,Константин Статский
479,https://www.ivi.ru//watch/414380,"Мама, я женюсь!",2014,Россия,Мелодрамы,6.7,Петр Степин
480,https://www.ivi.ru//watch/133299,Ледокол,2016,Россия,Катастрофы,8.0,Николай Хомерики
481,https://www.ivi.ru//watch/487282,Моя ужасная сестра,2022,Россия,Комедии,7.9,Александр Галибин
482,https://www.ivi.ru//watch/207342,Любовницы,2019,Россия,Комедии,7.2,Елена Хазанова
483,https://www.ivi.ru//watch/467529,Умная Маша,2022,Россия,Комедии,7.3,Андрей Никифоров
484,https://www.ivi.ru//watch/433499,Артек. Большое путешествие,2022,Россия,Комедии,8.5,Карен Захаров
485,https://www.ivi.ru//watch/melodiya-na-dva-golosa,Мелодия на два голоса,2015,Россия,Мелодрамы,7.4,Сергей Мезенцев
486,https://www.ivi.ru//watch/t-34-televersiya,Т-34. Полная версия,2020,Россия,Военные,8.7,Алексей Сидоров
487,https://www.ivi.ru//watch/214951,Бабушка легкого поведения 2,2019,Россия,Комедии,7.9,Марюс Вайсберг
488,https://www.ivi.ru//watch/po-lyubvi,По любви,2025,Россия,Комедии,7.7,Борис Милованов
489,https://www.ivi.ru//watch/domovenok-kuzya,Домовёнок Кузя,2024,Россия,Комедии,8.2,Виктор Лакисов
490,https://www.ivi.ru//watch/postuchis-v-moyu-tver,Постучись в мою Тверь,2025,Россия,Комедии,7.9,Симон Багдасарян
491,https://www.ivi.ru//watch/bratya-2024,Братья,2024,Россия,Комедии,6.7,Марк Горобец
492,https://www.ivi.ru//watch/157373,Сдается дом со всеми неудобствами,2016,Россия,Комедии,6.7,Вера Сторожева
493,https://www.ivi.ru//watch/papu-mame-zaverni,Папу маме заверни,2024,Россия,Комедии,7.3,Иван Архипов
494,https://www.ivi.ru//watch/181435,Одноклассницы: Новый поворот,2017,Россия,Комедии,7.2,Дмитрий Суворов
495,https://www.ivi.ru//watch/519572,Праздники,2023,Россия,Комедии,8.0,Борис Дергачев
496,https://www.ivi.ru//watch/540613,Схватка,2024,Россия,Боевики,7.6,Дмитрий Клепацкий
497,https://www.ivi.ru//watch/151070,Проверка на любовь,2013,Россия,Мелодрамы,7.2,Игорь Войтулевич
498,https://www.ivi.ru//watch/krasotka,Красотка,2013,Россия,Мелодрамы,7.4,Дмитрий Петрунь
499,https://www.ivi.ru//watch/zyat,Зять,2024,Россия,Комедии,7.4,Анарио Мамедов
500,https://www.ivi.ru//watch/227695,Спасите Колю!,2021,Россия,Комедии,7.3,Дмитрий Губарев
501,https://www.ivi.ru//watch/ispyitanie-aulom,Испытание аулом,2023,Россия,Комедии,8.6,Ислам Сатыров
502,https://www.ivi.ru//watch/436114,Булки,2022,Россия,Комедии,7.3,Олег Асадулин
503,https://www.ivi.ru//watch/415769,Тень звезды,2020,Россия,Драмы,6.9,Дмитрий Губарев
504,https://www.ivi.ru//watch/470954,Любовники,2022,Россия,Комедии,7.3,Елена Хазанова
505,https://www.ivi.ru//watch/436466,Трое,2020,Россия,Драмы,6.6,Анна Меликян
506,https://www.ivi.ru//watch/400954,Красавец и чудовище,2014,Россия,Мелодрамы,7.7,Иван Криворучко
507,https://www.ivi.ru//watch/459158,Приказ «Уничтожить»,2019,Россия,Военные,7.3,Константин Статский
508,https://www.ivi.ru//watch/414380,"Мама, я женюсь!",2014,Россия,Мелодрамы,6.7,Петр Степин
509,https://www.ivi.ru//watch/133299,Ледокол,2016,Россия,Катастрофы,8.0,Николай Хомерики
510,https://www.ivi.ru//watch/487282,Моя ужасная сестра,2022,Россия,Комедии,7.9,Александр Галибин
511,https://www.ivi.ru//watch/207342,Любовницы,2019,Россия,Комедии,7.2,Елена Хазанова
512,https://www.ivi.ru//watch/467529,Умная Маша,2022,Россия,Комедии,7.3,Андрей Никифоров
513,https://www.ivi.ru//watch/433499,Артек. Большое путешествие,2022,Россия,Комедии,8.5,Карен Захаров
514,https://www.ivi.ru//watch/melodiya-na-dva-golosa,Мелодия на два голоса,2015,Россия,Мелодрамы,7.4,Сергей Мезенцев
515,https://www.ivi.ru//watch/t-34-televersiya,Т-34. Полная версия,2020,Россия,Военные,8.7,Алексей Сидоров
516,https://www.ivi.ru//watch/214951,Бабушка легкого поведения 2,2019,Россия,Комедии,7.9,Марюс Вайсберг
517,https://www.ivi.ru//watch/po-lyubvi,По любви,2025,Россия,Комедии,7.7,Борис Милованов
518,https://www.ivi.ru//watch/domovenok-kuzya,Домовёнок Кузя,2024,Россия,Комедии,8.2,Виктор Лакисов
519,https://www.ivi.ru//watch/postuchis-v-moyu-tver,Постучись в мою Тверь,2025,Россия,Комедии,7.9,Симон Багдасарян
520,https://www.ivi.ru//watch/bratya-2024,Братья,2024,Россия,Комедии,6.7,Марк Горобец
521,https://www.ivi.ru//watch/157373,Сдается дом со всеми неудобствами,2016,Россия,Комедии,6.7,Вера Сторожева
522,https://www.ivi.ru//watch/papu-mame-zaverni,Папу маме заверни,2024,Россия,Комедии,7.3,Иван Архипов
523,https://www.ivi.ru//watch/181435,Одноклассницы: Новый поворот,2017,Россия,Комедии,7.2,Дмитрий Суворов
524,https://www.ivi.ru//watch/519572,Праздники,2023,Россия,Комедии,8.0,Борис Дергачев
525,https://www.ivi.ru//watch/540613,Схватка,2024,Россия,Боевики,7.6,Дмитрий Клепацкий
526,https://www.ivi.ru//watch/151070,Проверка на любовь,2013,Россия,Мелодрамы,7.2,Игорь Войтулевич
527,https://www.ivi.ru//watch/krasotka,Красотка,2013,Россия,Мелодрамы,7.4,Дмитрий Петрунь
528,https://www.ivi.ru//watch/zyat,Зять,2024,Россия,Комедии,7.4,Анарио Мамедов
529,https://www.ivi.ru//watch/227695,Спасите Колю!,2021,Россия,Комедии,7.3,Дмитрий Губарев
530,https://www.ivi.ru//watch/ispyitanie-aulom,Испытание аулом,2023,Россия,Комедии,8.6,Ислам Сатыров
531,https://www.ivi.ru//watch/436114,Булки,2022,Россия,Комедии,7.3,Олег Асадулин
532,https://www.ivi.ru//watch/415769,Тень звезды,2020,Россия,Драмы,6.9,Дмитрий Губарев
533,https://www.ivi.ru//watch/470954,Любовники,2022,Россия,Комедии,7.3,Елена Хазанова
534,https://www.ivi.ru//watch/436466,Трое,2020,Россия,Драмы,6.6,Анна Меликян
535,https://www.ivi.ru//watch/400954,Красавец и чудовище,2014,Россия,Мелодрамы,7.7,Иван Криворучко
536,https://www.ivi.ru//watch/459158,Приказ «Уничтожить»,2019,Россия,Военные,7.3,Константин Статский
537,https://www.ivi.ru//watch/414380,"Мама, я женюсь!",2014,Россия,Мелодрамы,6.7,Петр Степин
538,https://www.ivi.ru//watch/133299,Ледокол,2016,Россия,Катастрофы,8.0,Николай Хомерики
539,https://www.ivi.ru//watch/487282,Моя ужасная сестра,2022,Россия,Комедии,7.9,Александр Галибин
540,https://www.ivi.ru//watch/207342,Любовницы,2019,Россия,Комедии,7.2,Елена Хазанова
541,https://www.ivi.ru//watch/467529,Умная Маша,2022,Россия,Комедии,7.3,Андрей Никифоров
542,https://www.ivi.ru//watch/433499,Артек. Большое путешествие,2022,Россия,Комедии,8.5,Карен Захаров
543,https://www.ivi.ru//watch/melodiya-na-dva-golosa,Мелодия на два голоса,2015,Россия,Мелодрамы,7.4,Сергей Мезенцев
544,https://www.ivi.ru//watch/t-34-televersiya,Т-34. Полная версия,2020,Россия,Военные,8.7,Алексей Сидоров
545,https://www.ivi.ru//watch/214951,Бабушка легкого поведения 2,2019,Россия,Комедии,7.9,Марюс Вайсберг
546,https://www.ivi.ru//watch/po-lyubvi,По любви,2025,Россия,Комедии,7.7,Борис Милованов
547,https://www.ivi.ru//watch/domovenok-kuzya,Домовёнок Кузя,2024,Россия,Комедии,8.2,Виктор Лакисов
548,https://www.ivi.ru//watch/postuchis-v-moyu-tver,Постучись в мою Тверь,2025,Россия,Комедии,7.9,Симон Багдасарян
549,https://www.ivi.ru//watch/bratya-2024,Братья,2024,Россия,Комедии,6.7,Марк Горобец
550,https://www.ivi.ru//watch/157373,Сдается дом со всеми неудобствами,2016,Россия,Комедии,6.7,Вера Сторожева
551,https://www.ivi.ru//watch/papu-mame-zaverni,Папу маме заверни,2024,Россия,Комедии,7.3,Иван Архипов
552,https://www.ivi.ru//watch/181435,Одноклассницы: Новый поворот,2017,Россия,Комедии,7.2,Дмитрий Суворов
553,https://www.ivi.ru//watch/519572,Праздники,2023,Россия,Комедии,8.0,Борис Дергачев
554,https://www.ivi.ru//watch/540613,Схватка,2024,Россия,Боевики,7.6,Дмитрий Клепацкий
555,https://www.ivi.ru//watch/151070,Проверка на любовь,2013,Россия,Мелодрамы,7.2,Игорь Войтулевич
556,https://www.ivi.ru//watch/krasotka,Красотка,2013,Россия,Мелодрамы,7.4,Дмитрий Петрунь
557,https://www.ivi.ru//watch/zyat,Зять,2024,Россия,Комедии,7.4,Анарио Мамедов
558,https://www.ivi.ru//watch/227695,Спасите Колю!,2021,Россия,Комедии,7.3,Дмитрий Губарев
559,https://www.ivi.ru//watch/ispyitanie-aulom,Испытание аулом,2023,Россия,Комедии,8.6,Ислам Сатыров
560,https://www.ivi.ru//watch/436114,Булки,2022,Россия,Комедии,7.3,Олег Асадулин
561,https://www.ivi.ru//watch/415769,Тень звезды,2020,Россия,Драмы,6.9,Дмитрий Губарев
562,https://www.ivi.ru//watch/470954,Любовники,2022,Россия,Комедии,7.3,Елена Хазанова
563,https://www.ivi.ru//watch/436466,Трое,2020,Россия,Драмы,6.6,Анна Меликян
564,https://www.ivi.ru//watch/400954,Красавец и чудовище,2014,Россия,Мелодрамы,7.7,Иван Криворучко
565,https://www.ivi.ru//watch/459158,Приказ «Уничтожить»,2019,Россия,Военные,7.3,Константин Статский
566,https://www.ivi.ru//watch/414380,"Мама, я женюсь!",2014,Россия,Мелодрамы,6.7,Петр Степин
567,https://www.ivi.ru//watch/133299,Ледокол,2016,Россия,Катастрофы,8.0,Николай Хомерики
568,https://www.ivi.ru//watch/487282,Моя ужасная сестра,2022,Россия,Комедии,7.9,Александр Галибин
569,https://www.ivi.ru//watch/207342,Любовницы,2019,Россия,Комедии,7.2,Елена Хазанова
570,https://www.ivi.ru//watch/467529,Умная Маша,2022,Россия,Комедии,7.3,Андрей Никифоров
571,https://www.ivi.ru//watch/433499,Артек. Большое путешествие,2022,Россия,Комедии,8.5,Карен Захаров
572,https://www.ivi.ru//watch/melodiya-na-dva-golosa,Мелодия на два голоса,2015,Россия,Мелодрамы,7.4,Сергей Мезенцев
573,https://www.ivi.ru//watch/t-34-televersiya,Т-34. Полная версия,2020,Россия,Военные,8.7,Алексей Сидоров
574,https://www.ivi.ru//watch/214951,Бабушка легкого поведения 2,2019,Россия,Комедии,7.9,Марюс Вайсберг
575,https://www.ivi.ru//watch/po-lyubvi,По любви,2025,Россия,Комедии,7.7,Борис Милованов
576,https://www.ivi.ru//watch/domovenok-kuzya,Домовёнок Кузя,2024,Россия,Комедии,8.2,Виктор Лакисов
577,https://www.ivi.ru//watch/postuchis-v-moyu-tver,Постучись в мою Тверь,2025,Россия,Комедии,7.9,Симон Багдасарян
578,https://www.ivi.ru//watch/bratya-2024,Братья,2024,Россия,Комедии,6.7,Марк Горобец
579,https://www.ivi.ru//watch/157373,Сдается дом со всеми неудобствами,2016,Россия,Комедии,6.7,Вера Сторожева
580,https://www.ivi.ru//watch/papu-mame-zaverni,Папу маме заверни,2024,Россия,Комедии,7.3,Иван Архипов
581,https://www.ivi.ru//watch/181435,Одноклассницы: Новый поворот,2017,Россия,Комедии,7.2,Дмитрий Суворов
582,https://www.ivi.ru//watch/519572,Праздники,2023,Россия,Комедии,8.0,Борис Дергачев
583,https://www.ivi.ru//watch/540613,Схватка,2024,Россия,Боевики,7.6,Дмитрий Клепацкий
584,https://www.ivi.ru//watch/151070,Проверка на любовь,2013,Россия,Мелодрамы,7.2,Игорь Войтулевич
585,https://www.ivi.ru//watch/krasotka,Красотка,2013,Россия,Мелодрамы,7.4,Дмитрий Петрунь
586,https://www.ivi.ru//watch/zyat,Зять,2024,Россия,Комедии,7.4,Анарио Мамедов
587,https://www.ivi.ru//watch/227695,Спасите Колю!,2021,Россия,Комедии,7.3,Дмитрий Губарев
588,https://www.ivi.ru//watch/ispyitanie-aulom,Испытание аулом,2023,Россия,Комедии,8.6,Ислам Сатыров
589,https://www.ivi.ru//watch/436114,Булки,2022,Россия,Комедии,7.3,Олег Асадулин
590,https://www.ivi.ru//watch/415769,Тень звезды,2020,Россия,Драмы,6.9,Дмитрий Губарев
591,https://www.ivi.ru//watch/470954,Любовники,2022,Россия,Комедии,7.3,Елена Хазанова
592,https://www.ivi.ru//watch/436466,Трое,2020,Россия,Драмы,6.6,Анна Меликян
593,https://www.ivi.ru//watch/400954,Красавец и чудовище,2014,Россия,Мелодрамы,7.7,Иван Криворучко
594,https://www.ivi.ru//watch/459158,Приказ «Уничтожить»,2019,Россия,Военные,7.3,Константин Статский
595,https://www.ivi.ru//watch/414380,"Мама, я женюсь!",2014,Россия,Мелодрамы,6.7,Петр Степин
596,https://www.ivi.ru//watch/133299,Ледокол,2016,Россия,Катастрофы,8.0,Николай Хомерики
597,https://www.ivi.ru//watch/487282,Моя ужасная сестра,2022,Россия,Комедии,7.9,Александр Галибин
598,https://www.ivi.ru//watch/207342,Любовницы,2019,Россия,Комедии,7.2,Елена Хазанова
599,https://www.ivi.ru//watch/467529,Умная Маша,2022,Россия,Комедии,7.3,Андрей Никифоров
600,https://www.ivi.ru//watch/433499,Артек. Большое путешествие,2022,Россия,Комедии,8.5,Карен Захаров
601,https://www.ivi.ru//watch/melodiya-na-dva-golosa,Мелодия на два голоса,2015,Россия,Мелодрамы,7.4,Сергей Мезенцев
602,https://www.ivi.ru//watch/t-34-televersiya,Т-34. Полная версия,2020,Россия,Военные,8.7,Алексей Сидоров
603,https://www.ivi.ru//watch/214951,Бабушка легкого поведения 2,2019,Россия,Комедии,7.9,Марюс Вайсберг
604,https://www.ivi.ru//watch/po-lyubvi,По любви,2025,Россия,Комедии,7.7,Борис Милованов
605,https://www.ivi.ru//watch/domovenok-kuzya,Домовёнок Кузя,2024,Россия,Комедии,8.2,Виктор Лакисов
606,https://www.ivi.ru//watch/postuchis-v-moyu-tver,Постучись в мою Тверь,2025,Россия,Комедии,7.9,Симон Багдасарян
607,https://www.ivi.ru//watch/bratya-2024,Братья,2024,Россия,Комедии,6.7,Марк Горобец
608,https://www.ivi.ru//watch/157373,Сдается дом со всеми неудобствами,2016,Россия,Комедии,6.7,Вера Сторожева
609,https://www.ivi.ru//watch/papu-mame-zaverni,Папу маме заверни,2024,Россия,Комедии,7.3,Иван Архипов
610,https://www.ivi.ru//watch/181435,Одноклассницы: Новый поворот,2017,Россия,Комедии,7.2,Дмитрий Суворов
611,https://www.ivi.ru//watch/519572,Праздники,2023,Россия,Комедии,8.0,Борис Дергачев
612,https://www.ivi.ru//watch/540613,Схватка,2024,Россия,Боевики,7.6,Дмитрий Клепацкий
613,https://www.ivi.ru//watch/151070,Проверка на любовь,2013,Россия,Мелодрамы,7.2,Игорь Войтулевич
614,https://www.ivi.ru//watch/krasotka,Красотка,2013,Россия,Мелодрамы,7.4,Дмитрий Петрунь
615,https://www.ivi.ru//watch/zyat,Зять,2024,Россия,Комедии,7.4,Анарио Мамедов
616,https://www.ivi.ru//watch/227695,Спасите Колю!,2021,Россия,Комедии,7.3,Дмитрий Губарев
617,https://www.ivi.ru//watch/ispyitanie-aulom,Испытание аулом,2023,Россия,Комедии,8.6,Ислам Сатыров
618,https://www.ivi.ru//watch/436114,Булки,2022,Россия,Комедии,7.3,Олег Асадулин
619,https://www.ivi.ru//watch/415769,Тень звезды,2020,Россия,Драмы,6.9,Дмитрий Губарев
620,https://www.ivi.ru//watch/470954,Любовники,2022,Россия,Комедии,7.3,Елена Хазанова
621,https://www.ivi.ru//watch/436466,Трое,2020,Россия,Драмы,6.6,Анна Меликян
622,https://www.ivi.ru//watch/400954,Красавец и чудовище,2014,Россия,Мелодрамы,7.7,Иван Криворучко
623,https://www.ivi.ru//watch/459158,Приказ «Уничтожить»,2019,Россия,Военные,7.3,Константин Статский
624,https://www.ivi.ru//watch/414380,"Мама, я женюсь!",2014,Россия,Мелодрамы,6.7,Петр Степин
625,https://www.ivi.ru//watch/133299,Ледокол,2016,Россия,Катастрофы,8.0,Николай Хомерики
626,https://www.ivi.ru//watch/487282,Моя ужасная сестра,2022,Россия,Комедии,7.9,Александр Галибин
627,https://www.ivi.ru//watch/207342,Любовницы,2019,Россия,Комедии,7.2,Елена Хазанова
628,https://www.ivi.ru//watch/467529,Умная Маша,2022,Россия,Комедии,7.3,Андрей Никифоров
629,https://www.ivi.ru//watch/433499,Артек. Большое путешествие,2022,Россия,Комедии,8.5,Карен Захаров
630,https://www.ivi.ru//watch/melodiya-na-dva-golosa,Мелодия на два голоса,2015,Россия,Мелодрамы,7.4,Сергей Мезенцев
631,https://www.ivi.ru//watch/t-34-televersiya,Т-34. Полная версия,2020,Россия,Военные,8.7,Алексей Сидоров
632,https://www.ivi.ru//watch/214951,Бабушка легкого поведения 2,2019,Россия,Комедии,7.9,Марюс Вайсберг
633,https://www.ivi.ru//watch/po-lyubvi,По любви,2025,Россия,Комедии,7.7,Борис Милованов
634,https://www.ivi.ru//watch/domovenok-kuzya,Домовёнок Кузя,2024,Россия,Комедии,8.2,Виктор Лакисов
635,https://www.ivi.ru//watch/postuchis-v-moyu-tver,Постучись в мою Тверь,2025,Россия,Комедии,7.9,Симон Багдасарян
636,https://www.ivi.ru//watch/bratya-2024,Братья,2024,Россия,Комедии,6.7,Марк Горобец
637,https://www.ivi.ru//watch/157373,Сдается дом со всеми неудобствами,2016,Россия,Комедии,6.7,Вера Сторожева
638,https://www.ivi.ru//watch/papu-mame-zaverni,Папу маме заверни,2024,Россия,Комедии,7.3,Иван Архипов
639,https://www.ivi.ru//watch/181435,Одноклассницы: Новый поворот,2017,Россия,Комедии,7.2,Дмитрий Суворов
640,https://www.ivi.ru//watch/519572,Праздники,2023,Россия,Комедии,8.0,Борис Дергачев
641,https://www.ivi.ru//watch/540613,Схватка,2024,Россия,Боевики,7.6,Дмитрий Клепацкий
642,https://www.ivi.ru//watch/151070,Проверка на любовь,2013,Россия,Мелодрамы,7.2,Игорь Войтулевич
643,https://www.ivi.ru//watch/krasotka,Красотка,2013,Россия,Мелодрамы,7.4,Дмитрий Петрунь
644,https://www.ivi.ru//watch/zyat,Зять,2024,Россия,Комедии,7.4,Анарио Мамедов
645,https://www.ivi.ru//watch/227695,Спасите Колю!,2021,Россия,Комедии,7.3,Дмитрий Губарев
646,https://www.ivi.ru//watch/ispyitanie-aulom,Испытание аулом,2023,Россия,Комедии,8.6,Ислам Сатыров
647,https://www.ivi.ru//watch/436114,Булки,2022,Россия,Комедии,7.3,Олег Асадулин
648,https://www.ivi.ru//watch/415769,Тень звезды,2020,Россия,Драмы,6.9,Дмитрий Губарев
649,https://www.ivi.ru//watch/470954,Любовники,2022,Россия,Комедии,7.3,Елена Хазанова
650,https://www.ivi.ru//watch/436466,Трое,2020,Россия,Драмы,6.6,Анна Меликян
651,https://www.ivi.ru//watch/400954,Красавец и чудовище,2014,Россия,Мелодрамы,7.7,Иван Криворучко
652,https://www.ivi.ru//watch/459158,Приказ «Уничтожить»,2019,Россия,Военные,7.3,Константин Статский
653,https://www.ivi.ru//watch/414380,"Мама, я женюсь!",2014,Россия,Мелодрамы,6.7,Петр Степин
654,https://www.ivi.ru//watch/133299,Ледокол,2016,Россия,Катастрофы,8.0,Николай Хомерики
655,https://www.ivi.ru//watch/487282,Моя ужасная сестра,2022,Россия,Комедии,7.9,Александр Галибин
656,https://www.ivi.ru//watch/207342,Любовницы,2019,Россия,Комедии,7.2,Елена Хазанова
657,https://www.ivi.ru//watch/467529,Умная Маша,2022,Россия,Комедии,7.3,Андрей Никифоров
658,https://www.ivi.ru//watch/433499,Артек. Большое путешествие,2022,Россия,Комедии,8.5,Карен Захаров
659,https://www.ivi.ru//watch/melodiya-na-dva-golosa,Мелодия на два голоса,2015,Россия,Мелодрамы,7.4,Сергей Мезенцев
660,https://www.ivi.ru//watch/t-34-televersiya,Т-34. Полная версия,2020,Россия,Военные,8.7,Алексей Сидоров
661,https://www.ivi.ru//watch/214951,Бабушка легкого поведения 2,2019,Россия,Комедии,7.9,Марюс Вайсберг
662,https://www.ivi.ru//watch/po-lyubvi,По любви,2025,Россия,Комедии,7.7,Борис Милованов
663,https://www.ivi.ru//watch/domovenok-kuzya,Домовёнок Кузя,2024,Россия,Комедии,8.2,Виктор Лакисов
664,https://www.ivi.ru//watch/postuchis-v-moyu-tver,Постучись в мою Тверь,2025,Россия,Комедии,7.9,Симон Багдасарян
665,https://www.ivi.ru//watch/bratya-2024,Братья,2024,Россия,Комедии,6.7,Марк Горобец
666,https://www.ivi.ru//watch/157373,Сдается дом со всеми неудобствами,2016,Россия,Комедии,6.7,Вера Сторожева
667,https://www.ivi.ru//watch/papu-mame-zaverni,Папу маме заверни,2024,Россия,Комедии,7.3,Иван Архипов
668,https://www.ivi.ru//watch/181435,Одноклассницы: Новый поворот,2017,Россия,Комедии,7.2,Дмитрий Суворов
669,https://www.ivi.ru//watch/519572,Праздники,2023,Россия,Комедии,8.0,Борис Дергачев
670,https://www.ivi.ru//watch/540613,Схватка,2024,Россия,Боевики,7.6,Дмитрий Клепацкий
671,https://www.ivi.ru//watch/151070,Проверка на любовь,2013,Россия,Мелодрамы,7.2,Игорь Войтулевич
672,https://www.ivi.ru//watch/krasotka,Красотка,2013,Россия,Мелодрамы,7.4,Дмитрий Петрунь
673,https://www.ivi.ru//watch/zyat,Зять,2024,Россия,Комедии,7.4,Анарио Мамедов
674,https://www.ivi.ru//watch/227695,Спасите Колю!,2021,Россия,Комедии,7.3,Дмитрий Губарев
675,https://www.ivi.ru//watch/ispyitanie-aulom,Испытание аулом,2023,Россия,Комедии,8.6,Ислам Сатыров
676,https://www.ivi.ru//watch/436114,Булки,2022,Россия,Комедии,7.3,Олег Асадулин
677,https://www.ivi.ru//watch/415769,Тень звезды,2020,Россия,Драмы,6.9,Дмитрий Губарев
678,https://www.ivi.ru//watch/470954,Любовники,2022,Россия,Комедии,7.3,Елена Хазанова
679,https://www.ivi.ru//watch/436466,Трое,2020,Россия,Драмы,6.6,Анна Меликян
680,https://www.ivi.ru//watch/400954,Красавец и чудовище,2014,Россия,Мелодрамы,7.7,Иван Криворучко
681,https://www.ivi.ru//watch/459158,Приказ «Уничтожить»,2019,Россия,Военные,7.3,Константин Статский
682,https://www.ivi.ru//watch/414380,"Мама, я женюсь!",2014,Россия,Мелодрамы,6.7,Петр Степин
683,https://www.ivi.ru//watch/133299,Ледокол,2016,Россия,Катастрофы,8.0,Николай Хомерики
684,https://www.ivi.ru//watch/487282,Моя ужасная сестра,2022,Россия,Комедии,7.9,Александр Галибин
685,https://www.ivi.ru//watch/207342,Любовницы,2019,Россия,Комедии,7.2,Елена Хазанова
686,https://www.ivi.ru//watch/467529,Умная Маша,2022,Россия,Комедии,7.3,Андрей Никифоров
687,https://www.ivi.ru//watch/433499,Артек. Большое путешествие,2022,Россия,Комедии,8.5,Карен Захаров
688,https://www.ivi.ru//watch/melodiya-na-dva-golosa,Мелодия на два голоса,2015,Россия,Мелодрамы,7.4,Сергей Мезенцев
689,https://www.ivi.ru//watch/t-34-televersiya,Т-34. Полная версия,2020,Россия,Военные,8.7,Алексей Сидоров
690,https://www.ivi.ru//watch/214951,Бабушка легкого поведения 2,2019,Россия,Комедии,7.9,Марюс Вайсберг
691,https://www.ivi.ru//watch/po-lyubvi,По любви,2025,Россия,Комедии,7.7,Борис Милованов
692,https://www.ivi.ru//watch/domovenok-kuzya,Домовёнок Кузя,2024,Россия,Комедии,8.2,Виктор Лакисов
693,https://www.ivi.ru//watch/postuchis-v-moyu-tver,Постучись в мою Тверь,2025,Россия,Комедии,7.9,Симон Багдасарян
694,https://www.ivi.ru//watch/bratya-2024,Братья,2024,Россия,Комедии,6.7,Марк Горобец
695,https://www.ivi.ru//watch/157373,Сдается дом со всеми неудобствами,2016,Россия,Комедии,6.7,Вера Сторожева
696,https://www.ivi.ru//watch/papu-mame-zaverni,Папу маме заверни,2024,Россия,Комедии,7.3,Иван Архипов
697,https://www.ivi.ru//watch/181435,Одноклассницы: Новый поворот,2017,Россия,Комедии,7.2,Дмитрий Суворов
698,https://www.ivi.ru//watch/519572,Праздники,2023,Россия,Комедии,8.0,Борис Дергачев
699,https://www.ivi.ru//watch/540613,Схватка,2024,Россия,Боевики,7.6,Дмитрий Клепацкий
700,https://www.ivi.ru//watch/151070,Проверка на любовь,2013,Россия,Мелодрамы,7.2,Игорь Войтулевич
701,https://www.ivi.ru//watch/krasotka,Красотка,2013,Россия,Мелодрамы,7.4,Дмитрий Петрунь
702,https://www.ivi.ru//watch/zyat,Зять,2024,Россия,Комедии,7.4,Анарио Мамедов
703,https://www.ivi.ru//watch/227695,Спасите Колю!,2021,Россия,Комедии,7.3,Дмитрий Губарев
704,https://www.ivi.ru//watch/ispyitanie-aulom,Испытание аулом,2023,Россия,Комедии,8.6,Ислам Сатыров
705,https://www.ivi.ru//watch/436114,Булки,2022,Россия,Комедии,7.3,Олег Асадулин
706,https://www.ivi.ru//watch/415769,Тень звезды,2020,Россия,Драмы,6.9,Дмитрий Губарев
707,https://www.ivi.ru//watch/470954,Любовники,2022,Россия,Комедии,7.3,Елена Хазанова
708,https://www.ivi.ru//watch/436466,Трое,2020,Россия,Драмы,6.6,Анна Меликян
709,https://www.ivi.ru//watch/400954,Красавец и чудовище,2014,Россия,Мелодрамы,7.7,Иван Криворучко
710,https://www.ivi.ru//watch/459158,Приказ «Уничтожить»,2019,Россия,Военные,7.3,Константин Статский
711,https://www.ivi.ru//watch/414380,"Мама, я женюсь!",2014,Россия,Мелодрамы,6.7,Петр Степин
712,https://www.ivi.ru//watch/133299,Ледокол,2016,Россия,Катастрофы,8.0,Николай Хомерики
713,https://www.ivi.ru//watch/487282,Моя ужасная сестра,2022,Россия,Комедии,7.9,Александр Галибин
714,https://www.ivi.ru//watch/207342,Любовницы,2019,Россия,Комедии,7.2,Елена Хазанова
715,https://www.ivi.ru//watch/467529,Умная Маша,2022,Россия,Комедии,7.3,Андрей Никифоров
716,https://www.ivi.ru//watch/433499,Артек. Большое путешествие,2022,Россия,Комедии,8.5,Карен Захаров
717,https://www.ivi.ru//watch/melodiya-na-dva-golosa,Мелодия на два голоса,2015,Россия,Мелодрамы,7.4,Сергей Мезенцев
718,https://www.ivi.ru//watch/t-34-televersiya,Т-34. Полная версия,2020,Россия,Военные,8.7,Алексей Сидоров
719,https://www.ivi.ru//watch/214951,Бабушка легкого поведения 2,2019,Россия,Комедии,7.9,Марюс Вайсберг
720,https://www.ivi.ru//watch/po-lyubvi,По любви,2025,Россия,Комедии,7.7,Борис Милованов
721,https://www.ivi.ru//watch/domovenok-kuzya,Домовёнок Кузя,2024,Россия,Комедии,8.2,Виктор Лакисов
722,https://www.ivi.ru//watch/postuchis-v-moyu-tver,Постучись в мою Тверь,2025,Россия,Комедии,7.9,Симон Багдасарян
723,https://www.ivi.ru//watch/bratya-2024,Братья,2024,Россия,Комедии,6.7,Марк Горобец
724,https://www.ivi.ru//watch/157373,Сдается дом со всеми неудобствами,2016,Россия,Комедии,6.7,Вера Сторожева
725,https://www.ivi.ru//watch/papu-mame-zaverni,Папу маме заверни,2024,Россия,Комедии,7.3,Иван Архипов
726,https://www.ivi.ru//watch/181435,Одноклассницы: Новый поворот,2017,Россия,Комедии,7.2,Дмитрий Суворов
727,https://www.ivi.ru//watch/519572,Праздники,2023,Россия,Комедии,8.0,Борис Дергачев
728,https://www.ivi.ru//watch/540613,Схватка,2024,Россия,Боевики,7.6,Дмитрий Клепацкий
729,https://www.ivi.ru//watch/151070,Проверка на любовь,2013,Россия,Мелодрамы,7.2,Игорь Войтулевич
730,https://www.ivi.ru//watch/krasotka,Красотка,2013,Россия,Мелодрамы,7.4,Дмитрий Петрунь
731,https://www.ivi.ru//watch/zyat,Зять,2024,Россия,Комедии,7.4,Анарио Мамедов
732,https://www.ivi.ru//watch/227695,Спасите Колю!,2021,Россия,Комедии,7.3,Дмитрий Губарев
733,https://www.ivi.ru//watch/ispyitanie-aulom,Испытание аулом,2023,Россия,Комедии,8.6,Ислам Сатыров
734,https://www.ivi.ru//watch/436114,Булки,2022,Россия,Комедии,7.3,Олег Асадулин
735,https://www.ivi.ru//watch/415769,Тень звезды,2020,Россия,Драмы,6.9,Дмитрий Губарев
736,https://www.ivi.ru//watch/470954,Любовники,2022,Россия,Комедии,7.3,Елена Хазанова
737,https://www.ivi.ru//watch/436466,Трое,2020,Россия,Драмы,6.6,Анна Меликян
738,https://www.ivi.ru//watch/400954,Красавец и чудовище,2014,Россия,Мелодрамы,7.7,Иван Криворучко
739,https://www.ivi.ru//watch/459158,Приказ «Уничтожить»,2019,Россия,Военные,7.3,Константин Статский
740,https://www.ivi.ru//watch/414380,"Мама, я женюсь!",2014,Россия,Мелодрамы,6.7,Петр Степин
741,https://www.ivi.ru//watch/133299,Ледокол,2016,Россия,Катастрофы,8.0,Николай Хомерики
742,https://www.ivi.ru//watch/487282,Моя ужасная сестра,2022,Россия,Комедии,7.9,Александр Галибин
743,https://www.ivi.ru//watch/207342,Любовницы,2019,Россия,Комедии,7.2,Елена Хазанова
744,https://www.ivi.ru//watch/467529,Умная Маша,2022,Россия,Комедии,7.3,Андрей Никифоров
745,https://www.ivi.ru//watch/433499,Артек. Большое путешествие,2022,Россия,Комедии,8.5,Карен Захаров
746,https://www.ivi.ru//watch/melodiya-na-dva-golosa,Мелодия на два голоса,2015,Россия,Мелодрамы,7.4,Сергей Мезенцев
747,https://www.ivi.ru//watch/t-34-televersiya,Т-34. Полная версия,2020,Россия,Военные,8.7,Алексей Сидоров
748,https://www.ivi.ru//watch/214951,Бабушка легкого поведения 2,2019,Россия,Комедии,7.9,Марюс Вайсберг
749,https://www.ivi.ru//watch/po-lyubvi,По любви,2025,Россия,Комедии,7.7,Борис Милованов
750,https://www.ivi.ru//watch/domovenok-kuzya,Домовёнок Кузя,2024,Россия,Комедии,8.2,Виктор Лакисов
751,https://www.ivi.ru//watch/postuchis-v-moyu-tver,Постучись в мою Тверь,2025,Россия,Комедии,7.9,Симон Багдасарян
752,https://www.ivi.ru//watch/bratya-2024,Братья,2024,Россия,Комедии,6.7,Марк Горобец
753,https://www.ivi.ru//watch/157373,Сдается дом со всеми неудобствами,2016,Россия,Комедии,6.7,Вера Сторожева
754,https://www.ivi.ru//watch/papu-mame-zaverni,Папу маме заверни,2024,Россия,Комедии,7.3,Иван Архипов
755,https://www.ivi.ru//watch/181435,Одноклассницы: Новый поворот,2017,Россия,Комедии,7.2,Дмитрий Суворов
756,https://www.ivi.ru//watch/519572,Праздники,2023,Россия,Комедии,8.0,Борис Дергачев
757,https://www.ivi.ru//watch/540613,Схватка,2024,Россия,Боевики,7.6,Дмитрий Клепацкий
758,https://www.ivi.ru//watch/151070,Проверка на любовь,2013,Россия,Мелодрамы,7.2,Игорь Войтулевич
759,https://www.ivi.ru//watch/krasotka,Красотка,2013,Россия,Мелодрамы,7.4,Дмитрий Петрунь
760,https://www.ivi.ru//watch/zyat,Зять,2024,Россия,Комедии,7.4,Анарио Мамедов
761,https://www.ivi.ru//watch/227695,Спасите Колю!,2021,Россия,Комедии,7.3,Дмитрий Губарев
762,https://www.ivi.ru//watch/ispyitanie-aulom,Испытание аулом,2023,Россия,Комедии,8.6,Ислам Сатыров
763,https://www.ivi.ru//watch/436114,Булки,2022,Россия,Комедии,7.3,Олег Асадулин
764,https://www.ivi.ru//watch/415769,Тень звезды,2020,Россия,Драмы,6.9,Дмитрий Губарев
765,https://www.ivi.ru//watch/470954,Любовники,2022,Россия,Комедии,7.3,Елена Хазанова
766,https://www.ivi.ru//watch/436466,Трое,2020,Россия,Драмы,6.6,Анна Меликян
767,https://www.ivi.ru//watch/400954,Красавец и чудовище,2014,Россия,Мелодрамы,7.7,Иван Криворучко
768,https://www.ivi.ru//watch/459158,Приказ «Уничтожить»,2019,Россия,Военные,7.3,Константин Статский
769,https://www.ivi.ru//watch/414380,"Мама, я женюсь!",2014,Россия,Мелодрамы,6.7,Петр Степин
770,https://www.ivi.ru//watch/133299,Ледокол,2016,Россия,Катастрофы,8.0,Николай Хомерики
771,https://www.ivi.ru//watch/487282,Моя ужасная сестра,2022,Россия,Комедии,7.9,Александр Галибин
772,https://www.ivi.ru//watch/207342,Любовницы,2019,Россия,Комедии,7.2,Елена Хазанова
773,https://www.ivi.ru//watch/467529,Умная Маша,2022,Россия,Комедии,7.3,Андрей Никифоров
774,https://www.ivi.ru//watch/433499,Артек. Большое путешествие,2022,Россия,Комедии,8.5,Карен Захаров
775,https://www.ivi.ru//watch/melodiya-na-dva-golosa,Мелодия на два голоса,2015,Россия,Мелодрамы,7.4,Сергей Мезенцев
776,https://www.ivi.ru//watch/t-34-televersiya,Т-34. Полная версия,2020,Россия,Военные,8.7,Алексей Сидоров
777,https://www.ivi.ru//watch/214951,Бабушка легкого поведения 2,2019,Россия,Комедии,7.9,Марюс Вайсберг
778,https://www.ivi.ru//watch/po-lyubvi,По любви,2025,Россия,Комедии,7.7,Борис Милованов
779,https://www.ivi.ru//watch/domovenok-kuzya,Домовёнок Кузя,2024,Россия,Комедии,8.2,Виктор Лакисов
780,https://www.ivi.ru//watch/postuchis-v-moyu-tver,Постучись в мою Тверь,2025,Россия,Комедии,7.9,Симон Багдасарян
781,https://www.ivi.ru//watch/bratya-2024,Братья,2024,Россия,Комедии,6.7,Марк Горобец
782,https://www.ivi.ru//watch/157373,Сдается дом со всеми неудобствами,2016,Россия,Комедии,6.7,Вера Сторожева
783,https://www.ivi.ru//watch/papu-mame-zaverni,Папу маме заверни,2024,Россия,Комедии,7.3,Иван Архипов
784,https://www.ivi.ru//watch/181435,Одноклассницы: Новый поворот,2017,Россия,Комедии,7.2,Дмитрий Суворов
785,https://www.ivi.ru//watch/519572,Праздники,2023,Россия,Комедии,8.0,Борис Дергачев
786,https://www.ivi.ru//watch/540613,Схватка,2024,Россия,Боевики,7.6,Дмитрий Клепацкий
787,https://www.ivi.ru//watch/151070,Проверка на любовь,2013,Россия,Мелодрамы,7.2,Игорь Войтулевич
788,https://www.ivi.ru//watch/krasotka,Красотка,2013,Россия,Мелодрамы,7.4,Дмитрий Петрунь
789,https://www.ivi.ru//watch/zyat,Зять,2024,Россия,Комедии,7.4,Анарио Мамедов
790,https://www.ivi.ru//watch/227695,Спасите Колю!,2021,Россия,Комедии,7.3,Дмитрий Губарев
791,https://www.ivi.ru//watch/ispyitanie-aulom,Испытание аулом,2023,Россия,Комедии,8.6,Ислам Сатыров
792,https://www.ivi.ru//watch/436114,Булки,2022,Россия,Комедии,7.3,Олег Асадулин
793,https://www.ivi.ru//watch/415769,Тень звезды,2020,Россия,Драмы,6.9,Дмитрий Губарев
794,https://www.ivi.ru//watch/470954,Любовники,2022,Россия,Комедии,7.3,Елена Хазанова
795,https://www.ivi.ru//watch/436466,Трое,2020,Россия,Драмы,6.6,Анна Меликян
796,https://www.ivi.ru//watch/400954,Красавец и чудовище,2014,Россия,Мелодрамы,7.7,Иван Криворучко
797,https://www.ivi.ru//watch/459158,Приказ «Уничтожить»,2019,Россия,Военные,7.3,Константин Статский
798,https://www.ivi.ru//watch/414380,"Мама, я женюсь!",2014,Россия,Мелодрамы,6.7,Петр Степин
799,https://www.ivi.ru//watch/133299,Ледокол,2016,Россия,Катастрофы,8.0,Николай Хомерики
800,https://www.ivi.ru//watch/487282,Моя ужасная сестра,2022,Россия,Комедии,7.9,Александр Галибин
801,https://www.ivi.ru//watch/207342,Любовницы,2019,Россия,Комедии,7.2,Елена Хазанова
802,https://www.ivi.ru//watch/467529,Умная Маша,2022,Россия,Комедии,7.3,Андрей Никифоров
803,https://www.ivi.ru//watch/433499,Артек. Большое путешествие,2022,Россия,Комедии,8.5,Карен Захаров
804,https://www.ivi.ru//watch/melodiya-na-dva-golosa,Мелодия на два голоса,2015,Россия,Мелодрамы,7.4,Сергей Мезенцев
805,https://www.ivi.ru//watch/t-34-televersiya,Т-34. Полная версия,2020,Россия,Военные,8.7,Алексей Сидоров
806,https://www.ivi.ru//watch/214951,Бабушка легкого поведения 2,2019,Россия,Комедии,7.9,Марюс Вайсберг
807,https://www.ivi.ru//watch/po-lyubvi,По любви,2025,Россия,Комедии,7.7,Борис Милованов
808,https://www.ivi.ru//watch/domovenok-kuzya,Домовёнок Кузя,2024,Россия,Комедии,8.2,Виктор Лакисов
809,https://www.ivi.ru//watch/postuchis-v-moyu-tver,Постучись в мою Тверь,2025,Россия,Комедии,7.9,Симон Багдасарян
810,https://www.ivi.ru//watch/bratya-2024,Братья,2024,Россия,Комедии,6.7,Марк Горобец
811,https://www.ivi.ru//watch/157373,Сдается дом со всеми неудобствами,2016,Россия,Комедии,6.7,Вера Сторожева
812,https://www.ivi.ru//watch/papu-mame-zaverni,Папу маме заверни,2024,Россия,Комедии,7.3,Иван Архипов
813,https://www.ivi.ru//watch/181435,Одноклассницы: Новый поворот,2017,Россия,Комедии,7.2,Дмитрий Суворов
814,https://www.ivi.ru//watch/519572,Праздники,2023,Россия,Комедии,8.0,Борис Дергачев
815,https://www.ivi.ru//watch/540613,Схватка,2024,Россия,Боевики,7.6,Дмитрий Клепацкий
816,https://www.ivi.ru//watch/151070,Проверка на любовь,2013,Россия,Мелодрамы,7.2,Игорь Войтулевич
817,https://www.ivi.ru//watch/krasotka,Красотка,2013,Россия,Мелодрамы,7.4,Дмитрий Петрунь
818,https://www.ivi.ru//watch/zyat,Зять,2024,Россия,Комедии,7.4,Анарио Мамедов
819,https://www.ivi.ru//watch/227695,Спасите Колю!,2021,Россия,Комедии,7.3,Дмитрий Губарев
820,https://www.ivi.ru//watch/ispyitanie-aulom,Испытание аулом,2023,Россия,Комедии,8.6,Ислам Сатыров
821,https://www.ivi.ru//watch/436114,Булки,2022,Россия,Комедии,7.3,Олег Асадулин
822,https://www.ivi.ru//watch/415769,Тень звезды,2020,Россия,Драмы,6.9,Дмитрий Губарев
823,https://www.ivi.ru//watch/470954,Любовники,2022,Россия,Комедии,7.3,Елена Хазанова
824,https://www.ivi.ru//watch/436466,Трое,2020,Россия,Драмы,6.6,Анна Меликян
825,https://www.ivi.ru//watch/400954,Красавец и чудовище,2014,Россия,Мелодрамы,7.7,Иван Криворучко
826,https://www.ivi.ru//watch/459158,Приказ «Уничтожить»,2019,Россия,Военные,7.3,Константин Статский
827,https://www.ivi.ru//watch/414380,"Мама, я женюсь!",2014,Россия,Мелодрамы,6.7,Петр Степин
828,https://www.ivi.ru//watch/133299,Ледокол,2016,Россия,Катастрофы,8.0,Николай Хомерики
829,https://www.ivi.ru//watch/487282,Моя ужасная сестра,2022,Россия,Комедии,7.9,Александр Галибин
830,https://www.ivi.ru//watch/207342,Любовницы,2019,Россия,Комедии,7.2,Елена Хазанова
831,https://www.ivi.ru//watch/467529,Умная Маша,2022,Россия,Комедии,7.3,Андрей Никифоров
832,https://www.ivi.ru//watch/433499,Артек. Большое путешествие,2022,Россия,Комедии,8.5,Карен Захаров
833,https://www.ivi.ru//watch/melodiya-na-dva-golosa,Мелодия на два голоса,2015,Россия,Мелодрамы,7.4,Сергей Мезенцев
834,https://www.ivi.ru//watch/t-34-televersiya,Т-34. Полная версия,2020,Россия,Военные,8.7,Алексей Сидоров
835,https://www.ivi.ru//watch/214951,Бабушка легкого поведения 2,2019,Россия,Комедии,7.9,Марюс Вайсберг
836,https://www.ivi.ru//watch/po-lyubvi,По любви,2025,Россия,Комедии,7.7,Борис Милованов
837,https://www.ivi.ru//watch/domovenok-kuzya,Домовёнок Кузя,2024,Россия,Комедии,8.2,Виктор Лакисов
838,https://www.ivi.ru//watch/postuchis-v-moyu-tver,Постучись в мою Тверь,2025,Россия,Комедии,7.9,Симон Багдасарян
839,https://www.ivi.ru//watch/bratya-2024,Братья,2024,Россия,Комедии,6.7,Марк Горобец
840,https://www.ivi.ru//watch/157373,Сдается дом со всеми неудобствами,2016,Россия,Комедии,6.7,Вера Сторожева
841,https://www.ivi.ru//watch/papu-mame-zaverni,Папу маме заверни,2024,Россия,Комедии,7.3,Иван Архипов
842,https://www.ivi.ru//watch/181435,Одноклассницы: Новый поворот,2017,Россия,Комедии,7.2,Дмитрий Суворов
843,https://www.ivi.ru//watch/519572,Праздники,2023,Россия,Комедии,8.0,Борис Дергачев
844,https://www.ivi.ru//watch/540613,Схватка,2024,Россия,Боевики,7.6,Дмитрий Клепацкий
845,https://www.ivi.ru//watch/151070,Проверка на любовь,2013,Россия,Мелодрамы,7.2,Игорь Войтулевич
846,https://www.ivi.ru//watch/krasotka,Красотка,2013,Россия,Мелодрамы,7.4,Дмитрий Петрунь
847,https://www.ivi.ru//watch/zyat,Зять,2024,Россия,Комедии,7.4,Анарио Мамедов
848,https://www.ivi.ru//watch/227695,Спасите Колю!,2021,Россия,Комедии,7.3,Дмитрий Губарев
849,https://www.ivi.ru//watch/ispyitanie-aulom,Испытание аулом,2023,Россия,Комедии,8.6,Ислам Сатыров
850,https://www.ivi.ru//watch/436114,Булки,2022,Россия,Комедии,7.3,Олег Асадулин
851,https://www.ivi.ru//watch/415769,Тень звезды,2020,Россия,Драмы,6.9,Дмитрий Губарев
852,https://www.ivi.ru//watch/470954,Любовники,2022,Россия,Комедии,7.3,Елена Хазанова
853,https://www.ivi.ru//watch/436466,Трое,2020,Россия,Драмы,6.6,Анна Меликян
854,https://www.ivi.ru//watch/400954,Красавец и чудовище,2014,Россия,Мелодрамы,7.7,Иван Криворучко
855,https://www.ivi.ru//watch/459158,Приказ «Уничтожить»,2019,Россия,Военные,7.3,Константин Статский
856,https://www.ivi.ru//watch/414380,"Мама, я женюсь!",2014,Россия,Мелодрамы,6.7,Петр Степин
857,https://www.ivi.ru//watch/133299,Ледокол,2016,Россия,Катастрофы,8.0,Николай Хомерики
858,https://www.ivi.ru//watch/487282,Моя ужасная сестра,2022,Россия,Комедии,7.9,Александр Галибин
859,https://www.ivi.ru//watch/207342,Любовницы,2019,Россия,Комедии,7.2,Елена Хазанова
860,https://www.ivi.ru//watch/467529,Умная Маша,2022,Россия,Комедии,7.3,Андрей Никифоров
861,https://www.ivi.ru//watch/433499,Артек. Большое путешествие,2022,Россия,Комедии,8.5,Карен Захаров
862,https://www.ivi.ru//watch/melodiya-na-dva-golosa,Мелодия на два голоса,2015,Россия,Мелодрамы,7.4,Сергей Мезенцев
863,https://www.ivi.ru//watch/t-34-televersiya,Т-34. Полная версия,2020,Россия,Военные,8.7,Алексей Сидоров
864,https://www.ivi.ru//watch/214951,Бабушка легкого поведения 2,2019,Россия,Комедии,7.9,Марюс Вайсберг
865,https://www.ivi.ru//watch/po-lyubvi,По любви,2025,Россия,Комедии,7.7,Борис Милованов
866,https://www.ivi.ru//watch/domovenok-kuzya,Домовёнок Кузя,2024,Россия,Комедии,8.2,Виктор Лакисов
867,https://www.ivi.ru//watch/postuchis-v-moyu-tver,Постучись в мою Тверь,2025,Россия,Комедии,7.9,Симон Багдасарян
868,https://www.ivi.ru//watch/bratya-2024,Братья,2024,Россия,Комедии,6.7,Марк Горобец
869,https://www.ivi.ru//watch/157373,Сдается дом со всеми неудобствами,2016,Россия,Комедии,6.7,Вера Сторожева
870,https://www.ivi.ru//watch/papu-mame-zaverni,Папу маме заверни,2024,Россия,Комедии,7.3,Иван Архипов
871,https://www.ivi.ru//watch/181435,Одноклассницы: Новый поворот,2017,Россия,Комедии,7.2,Дмитрий Суворов
872,https://www.ivi.ru//watch/519572,Праздники,2023,Россия,Комедии,8.0,Борис Дергачев
873,https://www.ivi.ru//watch/540613,Схватка,2024,Россия,Боевики,7.6,Дмитрий Клепацкий
874,https://www.ivi.ru//watch/151070,Проверка на любовь,2013,Россия,Мелодрамы,7.2,Игорь Войтулевич
875,https://www.ivi.ru//watch/krasotka,Красотка,2013,Россия,Мелодрамы,7.4,Дмитрий Петрунь
876,https://www.ivi.ru//watch/zyat,Зять,2024,Россия,Комедии,7.4,Анарио Мамедов
877,https://www.ivi.ru//watch/227695,Спасите Колю!,2021,Россия,Комедии,7.3,Дмитрий Губарев
878,https://www.ivi.ru//watch/ispyitanie-aulom,Испытание аулом,2023,Россия,Комедии,8.6,Ислам Сатыров
879,https://www.ivi.ru//watch/436114,Булки,2022,Россия,Комедии,7.3,Олег Асадулин
880,https://www.ivi.ru//watch/415769,Тень звезды,2020,Россия,Драмы,6.9,Дмитрий Губарев
881,https://www.ivi.ru//watch/470954,Любовники,2022,Россия,Комедии,7.3,Елена Хазанова
882,https://www.ivi.ru//watch/436466,Трое,2020,Россия,Драмы,6.6,Анна Меликян
883,https://www.ivi.ru//watch/400954,Красавец и чудовище,2014,Россия,Мелодрамы,7.7,Иван Криворучко
884,https://www.ivi.ru//watch/459158,Приказ «Уничтожить»,2019,Россия,Военные,7.3,Константин Статский
885,https://www.ivi.ru//watch/414380,"Мама, я женюсь!",2014,Россия,Мелодрамы,6.7,Петр Степин
886,https://www.ivi.ru//watch/133299,Ледокол,2016,Россия,Катастрофы,8.0,Николай Хомерики
887,https://www.ivi.ru//watch/487282,Моя ужасная сестра,2022,Россия,Комедии,7.9,Александр Галибин
888,https://www.ivi.ru//watch/207342,Любовницы,2019,Россия,Комедии,7.2,Елена Хазанова
889,https://www.ivi.ru//watch/467529,Умная Маша,2022,Россия,Комедии,7.3,Андрей Никифоров
890,https://www.ivi.ru//watch/433499,Артек. Большое путешествие,2022,Россия,Комедии,8.5,Карен Захаров
891,https://www.ivi.ru//watch/melodiya-na-dva-golosa,Мелодия на два голоса,2015,Россия,Мелодрамы,7.4,Сергей Мезенцев
892,https://www.ivi.ru//watch/t-34-televersiya,Т-34. Полная версия,2020,Россия,Военные,8.7,Алексей Сидоров
893,https://www.ivi.ru//watch/214951,Бабушка легкого поведения 2,2019,Россия,Комедии,7.9,Марюс Вайсберг
894,https://www.ivi.ru//watch/po-lyubvi,По любви,2025,Россия,Комедии,7.7,Борис Милованов
895,https://www.ivi.ru//watch/domovenok-kuzya,Домовёнок Кузя,2024,Россия,Комедии,8.2,Виктор Лакисов
896,https://www.ivi.ru//watch/postuchis-v-moyu-tver,Постучись в мою Тверь,2025,Россия,Комедии,7.9,Симон Багдасарян
897,https://www.ivi.ru//watch/bratya-2024,Братья,2024,Россия,Комедии,6.7,Марк Горобец
898,https://www.ivi.ru//watch/157373,Сдается дом со всеми неудобствами,2016,Россия,Комедии,6.7,Вера Сторожева
899,https://www.ivi.ru//watch/papu-mame-zaverni,Папу маме заверни,2024,Россия,Комедии,7.3,Иван Архипов
900,https://www.ivi.ru//watch/181435,Одноклассницы: Новый поворот,2017,Россия,Комедии,7.2,Дмитрий Суворов
901,https://www.ivi.ru//watch/519572,Праздники,2023,Россия,Комедии,8.0,Борис Дергачев
902,https://www.ivi.ru//watch/540613,Схватка,2024,Россия,Боевики,7.6,Дмитрий Клепацкий
903,https://www.ivi.ru//watch/151070,Проверка на любовь,2013,Россия,Мелодрамы,7.2,Игорь Войтулевич
904,https://www.ivi.ru//watch/krasotka,Красотка,2013,Россия,Мелодрамы,7.4,Дмитрий Петрунь
905,https://www.ivi.ru//watch/zyat,Зять,2024,Россия,Комедии,7.4,Анарио Мамедов
906,https://www.ivi.ru//watch/227695,Спасите Колю!,2021,Россия,Комедии,7.3,Дмитрий Губарев
907,https://www.ivi.ru//watch/ispyitanie-aulom,Испытание аулом,2023,Россия,Комедии,8.6,Ислам Сатыров
908,https://www.ivi.ru//watch/436114,Булки,2022,Россия,Комедии,7.3,Олег Асадулин
909,https://www.ivi.ru//watch/415769,Тень звезды,2020,Россия,Драмы,6.9,Дмитрий Губарев
910,https://www.ivi.ru//watch/470954,Любовники,2022,Россия,Комедии,7.3,Елена Хазанова
911,https://www.ivi.ru//watch/436466,Трое,2020,Россия,Драмы,6.6,Анна Меликян
912,https://www.ivi.ru//watch/400954,Красавец и чудовище,2014,Россия,Мелодрамы,7.7,Иван Криворучко
913,https://www.ivi.ru//watch/459158,Приказ «Уничтожить»,2019,Россия,Военные,7.3,Константин Статский
914,https://www.ivi.ru//watch/414380,"Мама, я женюсь!",2014,Россия,Мелодрамы,6.7,Петр Степин
915,https://www.ivi.ru//watch/133299,Ледокол,2016,Россия,Катастрофы,8.0,Николай Хомерики
916,https://www.ivi.ru//watch/487282,Моя ужасная сестра,2022,Россия,Комедии,7.9,Александр Галибин
917,https://www.ivi.ru//watch/207342,Любовницы,2019,Россия,Комедии,7.2,Елена Хазанова
918,https://www.ivi.ru//watch/467529,Умная Маша,2022,Россия,Комедии,7.3,Андрей Никифоров
919,https://www.ivi.ru//watch/433499,Артек. Большое путешествие,2022,Россия,Комедии,8.5,Карен Захаров
920,https://www.ivi.ru//watch/melodiya-na-dva-golosa,Мелодия на два голоса,2015,Россия,Мелодрамы,7.4,Сергей Мезенцев
921,https://www.ivi.ru//watch/t-34-televersiya,Т-34. Полная версия,2020,Россия,Военные,8.7,Алексей Сидоров
922,https://www.ivi.ru//watch/214951,Бабушка легкого поведения 2,2019,Россия,Комедии,7.9,Марюс Вайсберг
923,https://www.ivi.ru//watch/po-lyubvi,По любви,2025,Россия,Комедии,7.7,Борис Милованов
924,https://www.ivi.ru//watch/domovenok-kuzya,Домовёнок Кузя,2024,Россия,Комедии,8.2,Виктор Лакисов
925,https://www.ivi.ru//watch/postuchis-v-moyu-tver,Постучись в мою Тверь,2025,Россия,Комедии,7.9,Симон Багдасарян
926,https://www.ivi.ru//watch/bratya-2024,Братья,2024,Россия,Комедии,6.7,Марк Горобец
927,https://www.ivi.ru//watch/157373,Сдается дом со всеми неудобствами,2016,Россия,Комедии,6.7,Вера Сторожева
928,https://www.ivi.ru//watch/papu-mame-zaverni,Папу маме заверни,2024,Россия,Комедии,7.3,Иван Архипов
929,https://www.ivi.ru//watch/181435,Одноклассницы: Новый поворот,2017,Россия,Комедии,7.2,Дмитрий Суворов
930,https://www.ivi.ru//watch/519572,Праздники,2023,Россия,Комедии,8.0,Борис Дергачев
931,https://www.ivi.ru//watch/540613,Схватка,2024,Россия,Боевики,7.6,Дмитрий Клепацкий
932,https://www.ivi.ru//watch/151070,Проверка на любовь,2013,Россия,Мелодрамы,7.2,Игорь Войтулевич
933,https://www.ivi.ru//watch/krasotka,Красотка,2013,Россия,Мелодрамы,7.4,Дмитрий Петрунь
934,https://www.ivi.ru//watch/zyat,Зять,2024,Россия,Комедии,7.4,Анарио Мамедов
935,https://www.ivi.ru//watch/227695,Спасите Колю!,2021,Россия,Комедии,7.3,Дмитрий Губарев
936,https://www.ivi.ru//watch/ispyitanie-aulom,Испытание аулом,2023,Россия,Комедии,8.6,Ислам Сатыров
937,https://www.ivi.ru//watch/436114,Булки,2022,Россия,Комедии,7.3,Олег Асадулин
938,https://www.ivi.ru//watch/415769,Тень звезды,2020,Россия,Драмы,6.9,Дмитрий Губарев
939,https://www.ivi.ru//watch/470954,Любовники,2022,Россия,Комедии,7.3,Елена Хазанова
940,https://www.ivi.ru//watch/436466,Трое,2020,Россия,Драмы,6.6,Анна Меликян
941,https://www.ivi.ru//watch/400954,Красавец и чудовище,2014,Россия,Мелодрамы,7.7,Иван Криворучко
942,https://www.ivi.ru//watch/459158,Приказ «Уничтожить»,2019,Россия,Военные,7.3,Константин Статский
943,https://www.ivi.ru//watch/414380,"Мама, я женюсь!",2014,Россия,Мелодрамы,6.7,Петр Степин
944,https://www.ivi.ru//watch/133299,Ледокол,2016,Россия,Катастрофы,8.0,Николай Хомерики
945,https://www.ivi.ru//watch/487282,Моя ужасная сестра,2022,Россия,Комедии,7.9,Александр Галибин
946,https://www.ivi.ru//watch/207342,Любовницы,2019,Россия,Комедии,7.2,Елена Хазанова
947,https://www.ivi.ru//watch/467529,Умная Маша,2022,Россия,Комедии,7.3,Андрей Никифоров
948,https://www.ivi.ru//watch/433499,Артек. Большое путешествие,2022,Россия,Комедии,8.5,Карен Захаров
949,https://www.ivi.ru//watch/melodiya-na-dva-golosa,Мелодия на два голоса,2015,Россия,Мелодрамы,7.4,Сергей Мезенцев
950,https://www.ivi.ru//watch/t-34-televersiya,Т-34. Полная версия,2020,Россия,Военные,8.7,Алексей Сидоров
951,https://www.ivi.ru//watch/214951,Бабушка легкого поведения 2,2019,Россия,Комедии,7.9,Марюс Вайсберг
